Set,Class,Sub_Class,Count,LncRNA,Simpson,P-value,FDR,Bonferroni,Jaccard,%,Input_number,cluster
hsa-let-7b-5p,MicroRNA,lncbase,14,FLVCR1-AS1;LINC00668;LINC00882;LINC00910;LOC100506100;MEG8;MIR99AHG;SATB1-AS1;SNHG14;ZNF337-AS1;AC084082.3;RP4-561L24.3;RP5-984P4.6;U73166.2,0.0476,3.53E-07,7.59E-05,0.000337,0.0197,14/294,504,D00
hsa-let-7f-5p,MicroRNA,lncbase,14,FLVCR1-AS1;LINC00668;LINC00882;LINC00910;LOC100506100;MEG8;MIR99AHG;SATB1-AS1;SNHG14;ZNF337-AS1;AC084082.3;RP4-561L24.3;RP5-984P4.6;U73166.2,0.0476,3.53E-07,7.59E-05,0.000337,0.0197,14/294,504,D00
hsa-let-7i-5p,MicroRNA,lncbase,14,FLVCR1-AS1;LINC00668;LINC00882;LINC00910;LOC100506100;MEG8;MIR99AHG;SATB1-AS1;SNHG14;ZNF337-AS1;AC084082.3;RP4-561L24.3;RP5-984P4.6;U73166.2,0.0476,3.53E-07,7.59E-05,0.000337,0.0197,14/294,504,D00
hsa-let-7g-5p,MicroRNA,lncbase,14,FLVCR1-AS1;LINC00668;LINC00882;LINC00910;LOC100506100;MEG8;MIR99AHG;SATB1-AS1;SNHG14;ZNF337-AS1;AC084082.3;RP4-561L24.3;RP5-984P4.6;U73166.2,0.0473,3.82E-07,7.59E-05,0.000364,0.0196,14/296,504,D00
hsa-let-7a-5p,MicroRNA,lncbase,14,FLVCR1-AS1;LINC00668;LINC00882;LINC00910;LOC100506100;MEG8;MIR99AHG;SATB1-AS1;SNHG14;ZNF337-AS1;AC084082.3;RP4-561L24.3;RP5-984P4.6;U73166.2,0.0471,3.98E-07,7.59E-05,0.00038,0.0196,14/297,504,D00
hsa-miR-30c-1-3p,MicroRNA,lncbase,10,HAND2-AS1;HCP5;HLA-F-AS1;LINC01270;MIR99AHG;MIRLET7BHG;SNHG14;ZNF582-AS1;RP5-984P4.6;U73166.2,0.0658,9.34E-07,0.000149,0.000891,0.0174,10/152,504,D00
hsa-miR-484,MicroRNA,lncbase,11,CASC15;KMT2E-AS1;MEG8;MIRLET7BHG;PWAR6;SNHG14;SNHG15;TMEM220-AS1;TSIX;RP11-283C24.1;U73166.2,0.055,1.58E-06,0.000215,0.00151,0.0177,11/200,504,D00
hsa-miR-204-5p,MicroRNA,lncbase,8,FLVCR1-AS1;KMT2E-AS1;LINC00668;LINC00910;MIR99AHG;WWC2-AS2;RP5-875O13.1;U73166.2,0.062,1.77E-05,0.00211,0.0169,0.0145,8/129,504,D00
hsa-let-7e-5p,MicroRNA,lncbase,10,FLVCR1-AS1;LINC00668;LINC00882;LINC00910;LOC100506100;MEG8;MIR99AHG;SNHG14;ZNF337-AS1;U73166.2,0.0448,2.77E-05,0.00279,0.0264,0.0155,10/223,504,D00
hsa-miR-30c-2-3p,MicroRNA,lncbase,8,HAND2-AS1;HLA-F-AS1;LINC01270;MIR99AHG;MIRLET7BHG;SNHG14;RP5-984P4.6;U73166.2,0.0571,3.19E-05,0.00279,0.0304,0.0142,8/140,504,D00
hsa-miR-125a-5p,MicroRNA,lncbase,10,FLVCR1-AS1;LINC00599;LINC00910;OGFRP1;PWAR6;SNHG14;SNHG15;SNHG8;CTD-2291D10.4;RP5-875O13.1,0.0441,3.22E-05,0.00279,0.0307,0.0154,10/227,504,D00
hsa-miR-125b-5p,MicroRNA,lncbase,10,FLVCR1-AS1;LINC00599;LINC00910;OGFRP1;PWAR6;SNHG14;SNHG15;SNHG8;CTD-2291D10.4;RP5-875O13.1,0.0431,3.87E-05,0.00308,0.0369,0.0153,10/232,504,D00
hsa-miR-382-5p,MicroRNA,starbase,4,LINC00707;SNHG14;RP11-283C24.1;RP11-849I19.1,0.138,0.000109,0.0302,0.0302,0.00875,04/29/22,504,D00
hsa-miR-195-5p,MicroRNA,starbase,10,C1RL-AS1;EPB41L4A-AS1;HCG18;LINC00339;LINC00649;SNHG1;CTC-444N24.11;GS1-124K5.11;LINC00707;PVT1,0.0893,2.70E-09,1.36E-07,7.48E-07,0.0222,10/112,367,D00-D05
hsa-miR-15a-5p,MicroRNA,starbase,10,C1RL-AS1;EPB41L4A-AS1;HCG18;LINC00339;LINC00649;SNHG1;CTC-444N24.11;GS1-124K5.11;LINC00707;PVT1,0.0885,2.94E-09,1.36E-07,8.14E-07,0.0221,10/113,367,D00-D05
hsa-miR-16-5p,MicroRNA,starbase,10,C1RL-AS1;EPB41L4A-AS1;HCG18;LINC00339;LINC00649;SNHG1;CTC-444N24.11;GS1-124K5.11;LINC00707;PVT1,0.0885,2.94E-09,1.36E-07,8.14E-07,0.0221,10/113,367,D00-D05
hsa-miR-424-5p,MicroRNA,starbase,10,C1RL-AS1;EPB41L4A-AS1;HCG18;LINC00339;LINC00649;SNHG1;CTC-444N24.11;GS1-124K5.11;LINC00707;PVT1,0.0885,2.94E-09,1.36E-07,8.14E-07,0.0221,10/113,367,D00-D05
hsa-miR-15b-5p,MicroRNA,starbase,10,C1RL-AS1;EPB41L4A-AS1;HCG18;LINC00339;LINC00649;SNHG1;CTC-444N24.11;GS1-124K5.11;LINC00707;PVT1,0.0885,2.94E-09,1.36E-07,8.14E-07,0.0221,10/113,367,D00-D05
hsa-miR-497-5p,MicroRNA,starbase,10,C1RL-AS1;EPB41L4A-AS1;HCG18;LINC00339;LINC00649;SNHG1;CTC-444N24.11;GS1-124K5.11;LINC00707;PVT1,0.0885,2.94E-09,1.36E-07,8.14E-07,0.0221,10/113,367,D00-D05
hsa-miR-361-5p,MicroRNA,lncbase,13,HCG11;HCG18;LINC00467;LINC01012;LINC01018;OIP5-AS1;SNHG1;SOX2-OT;TMEM161B-AS1;CTC-444N24.11;KANTR;LINC01122;TTTY15,0.0568,3.04E-09,2.90E-06,2.90E-06,0.023,13/229,367,D00-D05
hsa-miR-544a,MicroRNA,starbase,7,JPX;PRKCQ-AS1;SNHG3;ZNF674-AS1;CTC-444N24.11;LINC00707;PVT1,0.184,3.87E-09,1.53E-07,1.07E-06,0.0184,7/38,367,D00-D05
hsa-miR-338-3p,MicroRNA,lncbase,14,DANCR;EPB41L4A-AS1;FAM201A;GNAS-AS1;HCG18;LINC00339;OIP5-AS1;SNHG3;TMEM161B-AS1;AC006227.1;CTC-444N24.11;CTD-2298J14.2;GMDS-AS1;KANTR,0.0464,1.00E-08,4.77E-06,9.54E-06,0.022,14/302,367,D00-D05
hsa-miR-330-5p,MicroRNA,lncbase,9,ARRDC1-AS1;GNAS-AS1;SNHG1;SNHG15;SNHG3;TMEM147-AS1;VPS9D1-AS1;LINC00707;TTTY15,0.09,1.58E-08,5.02E-06,1.51E-05,0.0205,9/100,367,D00-D05
hsa-miR-27b-3p,MicroRNA,lncbase,15,HCG11;LINC00467;LINC01012;LINC01089;OIP5-AS1;RNF144A-AS1;SNHG1;TMEM147-AS1;TMEM161B-AS1;VPS9D1-AS1;CTC-340D7.1;CTC-444N24.11;LINC00294;LINC01021;PVT1,0.0409,7.28E-08,1.74E-05,6.95E-05,0.0201,15/412,367,D00-D05
hsa-miR-27a-3p,MicroRNA,lncbase,15,HCG11;LINC00467;LINC01012;LINC01089;OIP5-AS1;RNF144A-AS1;SNHG1;TMEM147-AS1;TMEM161B-AS1;VPS9D1-AS1;CTC-340D7.1;CTC-444N24.11;LINC00294;LINC01021;PVT1,0.0409,1.09E-07,2.08E-05,0.000104,0.0198,15/425,367,D00-D05
hsa-miR-185-5p,MicroRNA,lncbase,12,CAPN10-AS1;NUTM2B-AS1;OIP5-AS1;PARD6G-AS1;PRKCQ-AS1;SNHG3;SOX2-OT;TMEM161B-AS1;LINC00294;RP11-123O10.3;TTTY15;RP11-441O15.3,0.0453,1.47E-07,2.28E-05,0.00014,0.0199,12/265,367,D00-D05
hsa-miR-216b-5p,MicroRNA,starbase,5,C1RL-AS1;MAPKAPK5-AS1;OIP5-AS1;SNHG1;CTC-444N24.11,0.238,1.78E-07,6.16E-06,4.93E-05,0.0137,05/21/22,367,D00-D05
hsa-miR-148b-3p,MicroRNA,lncbase,11,FAM201A;HCG18;JPX;LINC00467;LINC01089;MAPKAPK5-AS1;OIP5-AS1;SNHG1;SOX2-OT;LINC01122;PVT1,0.05,1.82E-07,2.28E-05,0.000174,0.0197,11/220,367,D00-D05
hsa-miR-107,MicroRNA,lncbase,13,ACVR2B-AS1;C1RL-AS1;HCG18;LINC00339;LINC01224;LINC01351;OIP5-AS1;SNHG1;CTC-444N24.11;FLJ37035;GS1-124K5.11;LINC00294;LINC01405,0.0396,2.07E-07,2.28E-05,0.000197,0.0196,13/328,367,D00-D05
hsa-miR-103a-3p,MicroRNA,lncbase,13,ACVR2B-AS1;C1RL-AS1;HCG18;LINC00339;LINC01224;LINC01351;OIP5-AS1;SNHG1;CTC-444N24.11;FLJ37035;GS1-124K5.11;LINC00294;LINC01405,0.0395,2.15E-07,2.28E-05,0.000205,0.0195,13/329,367,D00-D05
hsa-miR-183-3p,MicroRNA,lncbase,6,HCG11;MIR222HG;OIP5-AS1;SNHG1;CTC-444N24.11;RP11-799O21.2,0.143,2.55E-07,2.43E-05,0.000243,0.0156,6/42,367,D00-D05
hsa-miR-497-5p,MicroRNA,lncbase,13,ACVR2B-AS1;C1RL-AS1;HCG18;LINC00339;LINC01315;LINC01351;OIP5-AS1;CTC-444N24.11;FLJ37035;GS1-124K5.11;KANTR;LINC00664;LINC01405,0.0376,3.80E-07,3.30E-05,0.000363,0.0191,13/346,367,D00-D05
hsa-miR-19b-3p,MicroRNA,lncbase,10,ANKRD10-IT1;FAM201A;HCG11;HCG18;MORF4L2-AS1;OIP5-AS1;PRKCQ-AS1;SOX2-OT;CTD-2298J14.2;LINC00294,0.0503,6.28E-07,4.99E-05,0.000599,0.0186,10/199,367,D00-D05
hsa-miR-143-3p,MicroRNA,lncbase,10,DANCR;JPX;OIP5-AS1;PARD6G-AS1;RNF139-AS1;SNHG1;SNHG3;SOX2-OT;CTC-444N24.11;RP11-111M22.3,0.0488,8.23E-07,6.04E-05,0.000785,0.0184,10/205,367,D00-D05
hsa-miR-182-5p,MicroRNA,starbase,5,C1RL-AS1;LINC00173;PRKCQ-AS1;SNHG1;SNHG3,0.179,8.28E-07,2.55E-05,0.000229,0.0134,05/28/22,367,D00-D05
hsa-miR-485-5p,MicroRNA,lncbase,9,HCG18;LINC00467;OIP5-AS1;CTC-444N24.11;GS1-124K5.11;KANTR;RP11-123O10.3;RP11-206L10.9;TTTY14,0.0552,1.05E-06,7.15E-05,0.001,0.0179,9/163,367,D00-D05
hsa-miR-141-5p,MicroRNA,lncbase,9,HCG11;MIR17HG;OIP5-AS1;RALY-AS1;SNHG1;SNHG15;CTC-444N24.11;CTD-2298J14.2;RP11-321G12.1,0.0526,1.56E-06,9.92E-05,0.00149,0.0176,9/171,367,D00-D05
hsa-let-7e-5p,MicroRNA,lncbase,10,DANCR;LINC01089;NUTM2B-AS1;OIP5-AS1;PCOLCE-AS1;PXN-AS1;TRG-AS1;LINC00294;TTTY15;FLVCR1-AS1,0.0448,1.76E-06,0.000105,0.00168,0.0178,10/223,367,D00-D05
hsa-miR-28-5p,MicroRNA,lncbase,9,HCG11;HCG18;JPX;OIP5-AS1;SNHG1;SNHG15;SOX2-OT;LINC00294;RP11-33A14.1,0.0506,2.18E-06,0.000122,0.00208,0.0174,9/178,367,D00-D05
hsa-miR-485-5p,MicroRNA,starbase,6,HCG18;SNHG3;AC069277.2;CTC-444N24.11;LINC00707;RP11-418J17.3,0.0984,2.44E-06,6.76E-05,0.000676,0.0149,6/61,367,D00-D05
hsa-miR-425-5p,MicroRNA,lncbase,9,HCG18;LINC01018;OIP5-AS1;RALY-AS1;SNHG1;SNHG4;CTC-444N24.11;LINC01021;TTTY15,0.0492,2.74E-06,0.000138,0.00261,0.0172,9/183,367,D00-D05
hsa-miR-195-5p,MicroRNA,lncbase,12,ACVR2B-AS1;C1RL-AS1;HCG18;LINC01351;OIP5-AS1;SNHG1;SNHG3;CTC-444N24.11;FAM95C;FLJ37035;GS1-124K5.11;LINC01405,0.0343,2.74E-06,0.000138,0.00261,0.0175,12/350,367,D00-D05
hsa-miR-424-5p,MicroRNA,lncbase,10,C1RL-AS1;EPB41L4A-AS1;HCG18;MIR210HG;SNHG3;CTC-444N24.11;GS1-124K5.11;LINC00294;LINC00664;LINC01405,0.0424,2.92E-06,0.000139,0.00279,0.0174,10/236,367,D00-D05
hsa-miR-19a-3p,MicroRNA,lncbase,9,ANKRD10-IT1;FAM201A;HCG11;HCG18;OIP5-AS1;PRKCQ-AS1;SOX2-OT;CTD-2298J14.2;LINC00294,0.0484,3.12E-06,0.000142,0.00298,0.0171,9/186,367,D00-D05
hsa-miR-15b-5p,MicroRNA,lncbase,12,ACVR2B-AS1;C1RL-AS1;HCG18;LINC01351;OIP5-AS1;SNHG1;SNHG3;CTC-444N24.11;FAM95C;FLJ37035;GS1-124K5.11;LINC01405,0.0335,3.46E-06,0.00015,0.0033,0.0173,12/358,367,D00-D05
hsa-miR-26a-5p,MicroRNA,lncbase,11,HCG11;HCG18;JPX;MIR222HG;MORF4L2-AS1;OIP5-AS1;SOX2-OT;TRG-AS1;APTR;CTC-444N24.11;KANTR,0.0363,4.15E-06,0.000162,0.00396,0.0172,11/303,367,D00-D05
hsa-miR-150-5p,MicroRNA,lncbase,6,EPB41L4A-AS1;HCG18;OIP5-AS1;SNHG1;FAM95C;LINC00294,0.0896,4.25E-06,0.000162,0.00405,0.0146,6/67,367,D00-D05
hsa-miR-502-3p,MicroRNA,lncbase,6,HCG18;JPX;NUTM2B-AS1;OIP5-AS1;SNHG15;PVT1,0.0896,4.25E-06,0.000162,0.00405,0.0146,6/67,367,D00-D05
hsa-miR-496,MicroRNA,starbase,4,DANCR;HCG11;HCG18;CTC-444N24.11,0.222,4.36E-06,0.000106,0.00121,0.011,04/18/22,367,D00-D05
hsa-miR-155-5p,MicroRNA,starbase,5,C1RL-AS1;HCG18;LINC00240;MIR17HG;OIP5-AS1,0.128,4.58E-06,0.000106,0.00127,0.0131,5/39,367,D00-D05
hsa-miR-15a-5p,MicroRNA,lncbase,12,ACVR2B-AS1;C1RL-AS1;HCG18;LINC01351;OIP5-AS1;SNHG1;SNHG3;CTC-444N24.11;FAM95C;FLJ37035;GS1-124K5.11;LINC01405,0.0327,4.83E-06,0.000166,0.00461,0.017,12/370,367,D00-D05
hsa-miR-7-5p,MicroRNA,lncbase,10,HCG18;HCG2040054;JPX;NUTM2B-AS1;OIP5-AS1;SNHG1;CTC-444N24.11;GMDS-AS1;KANTR;RP11-74E22.8,0.04,4.87E-06,0.000166,0.00465,0.017,10/250,367,D00-D05
hsa-miR-16-5p,MicroRNA,lncbase,12,ACVR2B-AS1;C1RL-AS1;HCG18;LINC01351;OIP5-AS1;SNHG1;SNHG3;CTC-444N24.11;FAM95C;FLJ37035;GS1-124K5.11;LINC01405,0.0327,4.97E-06,0.000166,0.00474,0.0169,12/371,367,D00-D05
hsa-miR-17-3p,MicroRNA,lncbase,9,ARRDC1-AS1;DANCR;OIP5-AS1;PARD6G-AS1;SNHG1;TMEM147-AS1;CTC-444N24.11;GS1-124K5.11;PVT1,0.0455,5.20E-06,0.000166,0.00496,0.0167,9/198,367,D00-D05
hsa-miR-23b-3p,MicroRNA,lncbase,10,HCG18;LINC01012;MAPKAPK5-AS1;OIP5-AS1;PARD6G-AS1;SNHG1;TMEM161B-AS1;VPS9D1-AS1;CTC-340D7.1;CTC-444N24.11,0.0397,5.22E-06,0.000166,0.00498,0.0169,10/252,367,D00-D05
hsa-miR-30c-1-3p,MicroRNA,lncbase,8,GNAS-AS1;LINC01311;OIP5-AS1;SNHG1;SNHG3;VPS9D1-AS1;ZNF582-AS1;GS1-124K5.11,0.0526,5.97E-06,0.000184,0.0057,0.0162,8/152,367,D00-D05
hsa-miR-23a-3p,MicroRNA,lncbase,10,HCG18;LINC01012;MAPKAPK5-AS1;OIP5-AS1;PARD6G-AS1;SNHG1;TMEM161B-AS1;VPS9D1-AS1;CTC-340D7.1;CTC-444N24.11,0.038,7.59E-06,0.000226,0.00724,0.0166,10/263,367,D00-D05
hsa-miR-590-3p,MicroRNA,lncbase,6,HCG11;OIP5-AS1;SNHG1;SNHG4;TRG-AS1;CTC-444N24.11,0.08,8.21E-06,0.000237,0.00783,0.0144,6/75,367,D00-D05
hsa-miR-203a,MicroRNA,starbase,5,ADIRF-AS1;HCG11;MIR17HG;OIP5-AS1;PVT1,0.111,9.43E-06,0.000201,0.00261,0.0129,5/45,367,D00-D05
hsa-miR-501-3p,MicroRNA,lncbase,6,HCG18;JPX;NUTM2B-AS1;OIP5-AS1;SNHG15;PVT1,0.0779,9.57E-06,0.000261,0.00913,0.0143,6/77,367,D00-D05
hsa-miR-34a-5p,MicroRNA,lncbase,10,ARRDC1-AS1;DANCR;HCG18;MIR222HG;OIP5-AS1;SNHG1;SNHG15;SOX2-OT;CTC-444N24.11;CTD-2017D11.1,0.0369,9.85E-06,0.000261,0.0094,0.0164,10/271,367,D00-D05
hsa-miR-545-3p,MicroRNA,lncbase,8,EPB41L4A-AS1;GNAS-AS1;HCG18;MIR210HG;OIP5-AS1;SNHG1;TRG-AS1;LINC01405,0.0491,9.97E-06,0.000261,0.00951,0.0159,8/163,367,D00-D05
hsa-miR-423-5p,MicroRNA,lncbase,8,ARRDC1-AS1;ASH1L-AS1;GNAS-AS1;HCG2040054;OIP5-AS1;SNHG1;FAM95C;LINC00598,0.0488,1.04E-05,0.000261,0.00992,0.0158,8/164,367,D00-D05
hsa-miR-4726-3p,MicroRNA,lncbase,8,ARRDC1-AS1;EPB41L4A-AS1;FIRRE;LINC00877;OIP5-AS1;SNHG15;FAM95C;RP1-78O14.1,0.0488,1.04E-05,0.000261,0.00992,0.0158,8/164,367,D00-D05
hsa-miR-590-3p,MicroRNA,starbase,5,HCG11;MAPKAPK5-AS1;MIR17HG;SNHG1;CTC-444N24.11,0.106,1.17E-05,0.000231,0.00324,0.0128,5/47,367,D00-D05
hsa-miR-145-5p,MicroRNA,starbase,4,JPX;MAPKAPK5-AS1;SNHG1;LINC00707,0.167,1.47E-05,0.000254,0.00407,0.0108,04/24/22,367,D00-D05
hsa-miR-153-3p,MicroRNA,starbase,4,KTN1-AS1;MIR17HG;OIP5-AS1;SNHG15,0.167,1.47E-05,0.000254,0.00407,0.0108,04/24/22,367,D00-D05
hsa-miR-1306-5p,MicroRNA,lncbase,6,ARRDC1-AS1;LINC01012;MIR17HG;PARD6G-AS1;SNHG1;SNHG3,0.0714,1.58E-05,0.000386,0.0151,0.0141,6/84,367,D00-D05
hsa-miR-377-3p,MicroRNA,lncbase,8,KTN1-AS1;OIP5-AS1;SNHG1;SOX2-OT;TMEM161B-AS1;CTC-444N24.11;LINC01411;TTTY15,0.0449,1.89E-05,0.000451,0.018,0.0154,8/178,367,D00-D05
hsa-miR-576-3p,MicroRNA,lncbase,5,JPX;LINC00467;OIP5-AS1;SNHG1;LINC01021,0.0943,2.13E-05,0.000484,0.0203,0.0126,5/53,367,D00-D05
hsa-miR-618,MicroRNA,lncbase,5,NUTM2B-AS1;OIP5-AS1;PARD6G-AS1;SNHG1;SNHG3,0.0943,2.13E-05,0.000484,0.0203,0.0126,5/53,367,D00-D05
hsa-miR-326,MicroRNA,lncbase,7,ARRDC1-AS1;HCG18;SNHG1;SNHG3;TMEM147-AS1;VPS9D1-AS1;LINC01097,0.0526,2.29E-05,0.000494,0.0218,0.0147,7/133,367,D00-D05
hsa-miR-33a-5p,MicroRNA,lncbase,8,HCG18;MIR222HG;OIP5-AS1;SNHG15;SNHG3;SOX2-OT;TRG-AS1;CTC-444N24.11,0.0437,2.30E-05,0.000494,0.0219,0.0153,8/183,367,D00-D05
hsa-miR-4487,MicroRNA,lncbase,5,JPX;OIP5-AS1;PARD6G-AS1;SATB2-AS1;VPS9D1-AS1,0.0926,2.33E-05,0.000494,0.0222,0.0126,5/54,367,D00-D05
hsa-miR-338-3p,MicroRNA,starbase,4,LINC00339;OIP5-AS1;SNHG15;LINC00707,0.148,2.39E-05,0.000389,0.00662,0.0108,04/27/22,367,D00-D05
hsa-miR-30c-2-3p,MicroRNA,lncbase,7,CAPN10-AS1;GNAS-AS1;LINC01311;OIP5-AS1;SNHG1;SNHG3;GS1-124K5.11,0.05,3.19E-05,0.000652,0.0304,0.0145,7/140,367,D00-D05
hsa-let-7b-3p,MicroRNA,lncbase,4,HCG11;OIP5-AS1;SNHG1;CTC-444N24.11,0.138,3.21E-05,0.000652,0.0306,0.0107,04/29/22,367,D00-D05
hsa-miR-485-3p,MicroRNA,lncbase,7,HCG11;OIP5-AS1;SNHG1;SNHG3;TMEM161B-AS1;CTC-444N24.11;RP11-441O15.3,0.0496,3.34E-05,0.000664,0.0319,0.0145,7/141,367,D00-D05
hsa-miR-124-3p,MicroRNA,lncbase,8,LINC00173;LINC01089;MAPKAPK5-AS1;OIP5-AS1;TMEM147-AS1;CTC-444N24.11;RP11-74E22.8;TTTY15,0.0412,3.49E-05,0.000679,0.0333,0.015,8/194,367,D00-D05
hsa-miR-141-3p,MicroRNA,starbase,4,OIP5-AS1;SNHG15;TMEM161B-AS1;CTC-444N24.11,0.133,3.68E-05,0.000566,0.0102,0.0107,04/30/22,367,D00-D05
hsa-miR-603,MicroRNA,lncbase,4,HCG11;SNHG1;CTC-444N24.11;TTTY15,0.133,3.68E-05,0.000688,0.0351,0.0107,04/30/22,367,D00-D05
hsa-let-7a-3p,MicroRNA,lncbase,4,HCG11;HCG18;OIP5-AS1;CTC-444N24.11,0.133,3.68E-05,0.000688,0.0351,0.0107,04/30/22,367,D00-D05
hsa-miR-128-3p,MicroRNA,starbase,4,LINC00339;OIP5-AS1;CTC-444N24.11;PVT1,0.129,4.20E-05,0.000576,0.0116,0.0106,4/31,367,D00-D05
hsa-miR-484,MicroRNA,lncbase,8,GNAS-AS1;HCG18;MIR210HG;MIR222HG;OIP5-AS1;SNHG1;SNHG15;CTC-444N24.11,0.04,4.33E-05,0.000794,0.0413,0.0148,8/200,367,D00-D05
hsa-miR-18a-5p,MicroRNA,starbase,4,LINC00467;OIP5-AS1;SNHG1;SNHG15,0.125,4.78E-05,0.000576,0.0132,0.0106,4/32,367,D00-D05
hsa-miR-18b-5p,MicroRNA,starbase,4,LINC00467;OIP5-AS1;SNHG1;SNHG15,0.125,4.78E-05,0.000576,0.0132,0.0106,4/32,367,D00-D05
hsa-miR-4735-3p,MicroRNA,starbase,4,LINC00467;OIP5-AS1;SNHG1;SNHG15,0.125,4.78E-05,0.000576,0.0132,0.0106,4/32,367,D00-D05
hsa-miR-495-3p,MicroRNA,starbase,4,HCG11;HCG18;JPX;OIP5-AS1,0.125,4.78E-05,0.000576,0.0132,0.0106,4/32,367,D00-D05
hsa-let-7f-2-3p,MicroRNA,lncbase,4,HCG11;HCG18;OIP5-AS1;CTC-444N24.11,0.125,4.78E-05,0.00086,0.0456,0.0106,4/32,367,D00-D05
hsa-miR-20b-5p,MicroRNA,lncbase,8,ARRDC1-AS1;HCG11;HCG18;OIP5-AS1;SNHG1;TMEM161B-AS1;CTC-444N24.11;LINC00294,0.039,5.15E-05,0.000895,0.0491,0.0147,8/205,367,D00-D05
hsa-miR-181b-5p,MicroRNA,lncbase,7,DANCR;MIR17HG;OIP5-AS1;TRG-AS1;CTC-444N24.11;CTD-2298J14.2;LINC00294,0.0464,5.16E-05,0.000895,0.0492,0.0142,7/151,367,D00-D05
hsa-miR-421,MicroRNA,starbase,4,HCG11;MIR17HG;OIP5-AS1;SNHG1,0.108,8.57E-05,0.000989,0.0237,0.0105,4/37,367,D00-D05
hsa-miR-130a-3p,MicroRNA,starbase,4,LINC00339;MIR17HG;PRKCQ-AS1;TMEM161B-AS1,0.0976,0.000129,0.00126,0.0357,0.0104,4/41,367,D00-D05
hsa-miR-130b-3p,MicroRNA,starbase,4,LINC00339;MIR17HG;PRKCQ-AS1;TMEM161B-AS1,0.0976,0.000129,0.00126,0.0357,0.0104,4/41,367,D00-D05
hsa-miR-4295,MicroRNA,starbase,4,LINC00339;MIR17HG;PRKCQ-AS1;TMEM161B-AS1,0.0976,0.000129,0.00126,0.0357,0.0104,4/41,367,D00-D05
hsa-miR-3666,MicroRNA,starbase,4,LINC00339;MIR17HG;PRKCQ-AS1;TMEM161B-AS1,0.0952,0.000142,0.00126,0.0393,0.0103,4/42,367,D00-D05
hsa-miR-301b,MicroRNA,starbase,4,LINC00339;MIR17HG;PRKCQ-AS1;TMEM161B-AS1,0.0952,0.000142,0.00126,0.0393,0.0103,4/42,367,D00-D05
hsa-miR-454-3p,MicroRNA,starbase,4,LINC00339;MIR17HG;PRKCQ-AS1;TMEM161B-AS1,0.0952,0.000142,0.00126,0.0393,0.0103,4/42,367,D00-D05
hsa-miR-301a-3p,MicroRNA,starbase,4,LINC00339;MIR17HG;PRKCQ-AS1;TMEM161B-AS1,0.0952,0.000142,0.00126,0.0393,0.0103,4/42,367,D00-D05
hsa-miR-30b-5p,MicroRNA,starbase,4,EPB41L4A-AS1;HCG18;OIP5-AS1;LINC00707,0.0909,0.00017,0.00126,0.0471,0.0103,4/44,367,D00-D05
hsa-miR-30d-5p,MicroRNA,starbase,4,EPB41L4A-AS1;HCG18;OIP5-AS1;LINC00707,0.0909,0.00017,0.00126,0.0471,0.0103,4/44,367,D00-D05
hsa-miR-30e-5p,MicroRNA,starbase,4,EPB41L4A-AS1;HCG18;OIP5-AS1;LINC00707,0.0909,0.00017,0.00126,0.0471,0.0103,4/44,367,D00-D05
hsa-miR-30a-5p,MicroRNA,starbase,4,EPB41L4A-AS1;HCG18;OIP5-AS1;LINC00707,0.0909,0.00017,0.00126,0.0471,0.0103,4/44,367,D00-D05
hsa-miR-30c-5p,MicroRNA,starbase,4,EPB41L4A-AS1;HCG18;OIP5-AS1;LINC00707,0.0909,0.00017,0.00126,0.0471,0.0103,4/44,367,D00-D05
hsa-miR-320a,MicroRNA,lncbase,14,DHRS4-AS1;GAS5;LINC01515;LRRC75A-AS1;NR2F1-AS1;SNHG12;SNHG5;THAP9-AS1;WDFY3-AS2;ZFAS1;GUSBP1;MALAT1;TERC;MIAT,0.0631,5.74E-11,5.48E-08,5.48E-08,0.0259,14/222,335,D05-D09
hsa-miR-1249-3p,MicroRNA,lncbase,8,CASC15;DHRS4-AS1;MIR663AHG;AC074183.4;RMRP;RP11-395G23.3;RP11-473M20.16;TERC,0.182,1.58E-10,7.54E-08,1.51E-07,0.0217,8/44,335,D05-D09
hsa-miR-940,MicroRNA,lncbase,10,GAS5;LRRC75A-AS1;MIR663AHG;MZF1-AS1;SLFNL1-AS1;SNHG12;SNHG17;ZFAS1;MALAT1;RP1-193H18.2,0.0877,1.34E-09,3.32E-07,1.28E-06,0.0229,10/114,335,D05-D09
hsa-miR-181a-5p,MicroRNA,lncbase,15,GAS5;NFYC-AS1;NR2F1-AS1;SERTAD4-AS1;SNHG12;SNHG5;SNHG7;THAP9-AS1;TRHDE-AS1;WDFY3-AS2;ZFAS1;MALAT1;TBC1D3P1-DHX40P1;RP1-193H18.2;MIAT,0.0448,1.39E-09,3.32E-07,1.33E-06,0.023,15/335,335,D05-D09
hsa-miR-449b-5p,MicroRNA,lncbase,10,GAS5;LRRC75A-AS1;MIR663AHG;MZF1-AS1;NFYC-AS1;SLFNL1-AS1;SNHG12;TRHDE-AS1;ZFAS1;MALAT1,0.0775,4.49E-09,8.57E-07,4.28E-06,0.0222,10/129,335,D05-D09
hsa-miR-130b-5p,MicroRNA,lncbase,10,FGF14-AS2;LINC00476;MIR663AHG;SNHG12;SNHG5;SNHG7;TRHDE-AS1;MALAT1;RP11-507B12.2;TERC,0.0694,1.30E-08,2.07E-06,1.24E-05,0.0215,10/144,335,D05-D09
hsa-miR-1271-3p,MicroRNA,lncbase,7,GAS5;IGF2-AS;LRRC75A-AS1;SNHG7;TRHDE-AS1;MALAT1;RMRP,0.132,2.34E-08,2.92E-06,2.23E-05,0.0185,7/53,335,D05-D09
hsa-miR-550a-3-5p,MicroRNA,lncbase,7,GAS5;IGF2-AS;LRRC75A-AS1;SNHG7;TRHDE-AS1;MALAT1;SNHG19,0.13,2.68E-08,2.92E-06,2.56E-05,0.0185,7/54,335,D05-D09
hsa-miR-484,MicroRNA,lncbase,11,CASC15;GAS5;LRRC75A-AS1;NR2F1-AS1;NRSN2-AS1;SLFNL1-AS1;SNHG17;SNHG7;THAP9-AS1;ZFAS1;MALAT1,0.055,2.75E-08,2.92E-06,2.62E-05,0.0211,11/200,335,D05-D09
hsa-miR-885-3p,MicroRNA,lncbase,5,LRRC75A-AS1;MIR663AHG;PP7080;SNHG12;ZFAS1,0.294,3.51E-08,3.08E-06,3.35E-05,0.0145,05/17/22,335,D05-D09
hsa-miR-143-3p,MicroRNA,lncbase,11,BAALC-AS1;DHRS4-AS1;GAS5;MESTIT1;NR2F1-AS1;NRSN2-AS1;SLFNL1-AS1;THAP9-AS1;TRHDE-AS1;MALAT1;RP11-473M20.16,0.0537,3.55E-08,3.08E-06,3.39E-05,0.0209,11/205,335,D05-D09
hsa-miR-34c-5p,MicroRNA,lncbase,8,GAS5;LRRC75A-AS1;MIR663AHG;MZF1-AS1;SLFNL1-AS1;SNHG12;ZFAS1;MALAT1,0.0879,6.01E-08,4.78E-06,5.73E-05,0.0193,8/91,335,D05-D09
hsa-miR-34a-5p,MicroRNA,lncbase,12,CASC15;EMX2OS;FLJ37453;GAS5;KIAA1614-AS1;LRRC75A-AS1;SNHG12;TRHDE-AS1;ZFAS1;MALAT1;RNU12;TBC1D3P1-DHX40P1,0.0443,7.02E-08,5.15E-06,6.70E-05,0.0203,12/271,335,D05-D09
hsa-miR-22-3p,MicroRNA,lncbase,11,DHRS4-AS1;LRRC75A-AS1;NR2F1-AS1;SNHG12;SNHG5;ZFAS1;GUSBP1;LINC00550;MALAT1;RNU11;MIAT,0.0474,1.25E-07,8.52E-06,0.000119,0.0199,11/232,335,D05-D09
hsa-miR-27a-3p,MicroRNA,lncbase,14,DARS-AS1;DHRS4-AS1;GAS5;LRRC75A-AS1;MIR663AHG;PP7080;RMST;SLFNL1-AS1;SNHG5;SNHG7;LINC00511;MALAT1;TBC1D3P1-DHX40P1;MIAT,0.0418,2.20E-07,1.34E-05,0.00021,0.0188,14/425,335,D05-D09
hsa-miR-205-5p,MicroRNA,starbase,5,GAS5;SNHG5;THAP9-AS1;MALAT1;RP11-395G23.3,0.208,2.33E-07,6.45E-05,6.45E-05,0.0142,05/24/22,335,D05-D09
hsa-miR-26a-5p,MicroRNA,lncbase,12,GAS5;NFYC-AS1;NR2F1-AS1;SNHG17;SNHG21;SNHG5;TMEM51-AS1;WDFY3-AS2;ZFAS1;MALAT1;RP11-395G23.3;RP11-403P17.4,0.0396,2.34E-07,1.34E-05,0.000223,0.0193,12/303,335,D05-D09
hsa-miR-3619-5p,MicroRNA,lncbase,10,GAS5;LRRC75A-AS1;SLFNL1-AS1;SNHG17;SNHG5;SNHG7;ZFAS1;EPB41L4A-AS1;MALAT1;TERC,0.051,2.38E-07,1.34E-05,0.000227,0.0193,10/196,335,D05-D09
hsa-miR-5008-5p,MicroRNA,lncbase,7,LRRC75A-AS1;SLFNL1-AS1;SNHG7;MALAT1;RP11-395G23.3;SNHG19;MIAT,0.0933,2.71E-07,1.44E-05,0.000259,0.0175,7/75,335,D05-D09
hsa-miR-1304-3p,MicroRNA,lncbase,7,MIR663AHG;SLFNL1-AS1;SNHG17;SNHG7;EPB41L4A-AS1;MALAT1;RNU12,0.0921,2.97E-07,1.49E-05,0.000283,0.0175,7/76,335,D05-D09
hsa-miR-3943,MicroRNA,lncbase,6,MIR663AHG;SLFNL1-AS1;SNHG12;SNHG7;MALAT1;RMRP,0.125,3.39E-07,1.51E-05,0.000323,0.016,6/48,335,D05-D09
hsa-miR-652-3p,MicroRNA,lncbase,6,GAS5;SLFNL1-AS1;MALAT1;RMRP;RNU11;TERC,0.122,3.85E-07,1.51E-05,0.000367,0.016,6/49,335,D05-D09
hsa-miR-548o-3p,MicroRNA,lncbase,7,EMX2OS;LINC01515;SNHG17;ZFAS1;EPB41L4A-AS1;MALAT1;RNU11,0.0886,3.88E-07,1.51E-05,0.00037,0.0173,7/79,335,D05-D09
hsa-miR-320c,MicroRNA,lncbase,7,LINC01515;LRRC75A-AS1;SNHG12;ZFAS1;GUSBP1;MALAT1;TERC,0.0886,3.88E-07,1.51E-05,0.00037,0.0173,7/79,335,D05-D09
hsa-miR-320b,MicroRNA,lncbase,8,LINC01515;LRRC75A-AS1;SNHG12;SNHG5;ZFAS1;GUSBP1;MALAT1;TERC,0.069,3.97E-07,1.51E-05,0.000379,0.0182,8/116,335,D05-D09
hsa-miR-320d,MicroRNA,lncbase,8,LINC01515;LRRC75A-AS1;SNHG12;SNHG5;ZFAS1;GUSBP1;MALAT1;TERC,0.069,3.97E-07,1.51E-05,0.000379,0.0182,8/116,335,D05-D09
hsa-miR-301a-3p,MicroRNA,lncbase,8,DHRS4-AS1;GAS5;LINC01515;SNHG7;CTC-338M12.2;MALAT1;RNU11;RP11-403P17.4,0.0678,4.53E-07,1.66E-05,0.000432,0.0181,8/118,335,D05-D09
hsa-miR-27b-3p,MicroRNA,lncbase,13,DARS-AS1;DHRS4-AS1;GAS5;LRRC75A-AS1;MIR663AHG;PP7080;RMST;SLFNL1-AS1;SNHG5;LINC00511;MALAT1;TBC1D3P1-DHX40P1;MIAT,0.0388,9.65E-07,3.41E-05,0.000921,0.0178,13/412,335,D05-D09
hsa-miR-195-5p,MicroRNA,lncbase,12,CASC15;DHRS4-AS1;NR2F1-AS1;PTPRD-AS1;RMST;SLFNL1-AS1;SNHG12;THAP9-AS1;ZFAS1;MALAT1;RNU12;TERC,0.0358,1.07E-06,3.65E-05,0.00102,0.0179,12/350,335,D05-D09
hsa-miR-499a-3p,MicroRNA,lncbase,7,GAS5;LINC00852;SNHG17;SNHG21;SNHG5;LINC00511;MALAT1,0.0753,1.18E-06,3.75E-05,0.00113,0.0167,7/93,335,D05-D09
hsa-miR-34a-3p,MicroRNA,lncbase,7,GAS5;LINC01515;LRRC75A-AS1;SLFNL1-AS1;SMARCA5-AS1;FENDRR;MALAT1,0.0753,1.18E-06,3.75E-05,0.00113,0.0167,7/93,335,D05-D09
hsa-miR-5094,MicroRNA,lncbase,5,GAS5;LINC01515;SLFNL1-AS1;SMARCA5-AS1;MALAT1,0.152,1.25E-06,3.76E-05,0.00119,0.0139,5/33,335,D05-D09
hsa-miR-15b-5p,MicroRNA,lncbase,12,CASC15;DHRS4-AS1;NR2F1-AS1;PTPRD-AS1;RMST;SLFNL1-AS1;SNHG12;THAP9-AS1;ZFAS1;MALAT1;RNU12;TERC,0.0358,1.35E-06,3.76E-05,0.00129,0.0177,12/358,335,D05-D09
hsa-miR-149-3p,MicroRNA,lncbase,4,LRRC75A-AS1;MIR663AHG;MALAT1;RMRP,0.267,1.38E-06,3.76E-05,0.00132,0.0117,04/15/22,335,D05-D09
hsa-miR-520h,MicroRNA,lncbase,4,LRRC75A-AS1;ZFAS1;MALAT1;RNU12,0.267,1.38E-06,3.76E-05,0.00132,0.0117,04/15/22,335,D05-D09
hsa-miR-541-3p,MicroRNA,lncbase,4,GAS5;LRRC75A-AS1;MIR663AHG;ZFAS1,0.267,1.38E-06,3.76E-05,0.00132,0.0117,04/15/22,335,D05-D09
hsa-miR-150-5p,MicroRNA,starbase,5,LINC00174;ZFAS1;LINC00511;MALAT1;MIAT,0.147,1.46E-06,0.000165,0.000404,0.0139,5/34,335,D05-D09
hsa-miR-346,MicroRNA,lncbase,5,GAS5;SLFNL1-AS1;SNHG12;MALAT1;RMRP,0.147,1.46E-06,3.87E-05,0.00139,0.0139,5/34,335,D05-D09
hsa-miR-26b-5p,MicroRNA,lncbase,8,GAS5;NFYC-AS1;SNHG17;SNHG21;ZFAS1;MALAT1;RP11-395G23.3;RP11-403P17.4,0.0571,1.66E-06,4.28E-05,0.00158,0.0172,8/140,335,D05-D09
hsa-miR-146a-5p,MicroRNA,starbase,4,SNHG7;EPB41L4A-AS1;MALAT1;RP11-395G23.3,0.25,1.83E-06,0.000165,0.000507,0.0116,04/16/22,335,D05-D09
hsa-miR-9-5p,MicroRNA,lncbase,12,CRNDE;EMX2OS;LINC00476;LRRC75A-AS1;PP7080;SNHG7;TRHDE-AS1;WDFY3-AS2;ZFAS1;MALAT1;RMRP;RP11-273G15.2,0.0358,1.85E-06,4.55E-05,0.00176,0.0174,12/369,335,D05-D09
hsa-miR-15a-5p,MicroRNA,lncbase,12,CASC15;DHRS4-AS1;NR2F1-AS1;PTPRD-AS1;RMST;SLFNL1-AS1;SNHG12;THAP9-AS1;ZFAS1;MALAT1;RNU12;TERC,0.0358,1.90E-06,4.55E-05,0.00181,0.0174,12/370,335,D05-D09
hsa-miR-1226-3p,MicroRNA,lncbase,7,LRRC75A-AS1;MIR663AHG;SLFNL1-AS1;SNHG12;SNHG7;MALAT1;RNU11,0.07,1.93E-06,4.55E-05,0.00184,0.0165,7/100,335,D05-D09
hsa-miR-16-5p,MicroRNA,lncbase,12,CASC15;DHRS4-AS1;NR2F1-AS1;PTPRD-AS1;RMST;SLFNL1-AS1;SNHG12;THAP9-AS1;ZFAS1;MALAT1;RNU12;TERC,0.0358,1.96E-06,4.55E-05,0.00187,0.0174,12/371,335,D05-D09
hsa-miR-181c-5p,MicroRNA,lncbase,8,GAS5;NFYC-AS1;SNHG12;SNHG5;SNHG7;TRHDE-AS1;ZFAS1;MALAT1,0.0556,2.05E-06,4.55E-05,0.00196,0.0171,8/144,335,D05-D09
hsa-miR-582-5p,MicroRNA,lncbase,7,GAS5;LINC00664;SNHG17;ZFAS1;LINC00511;MALAT1;AC006129.2,0.0693,2.07E-06,4.55E-05,0.00197,0.0164,7/101,335,D05-D09
hsa-miR-124-3p,MicroRNA,lncbase,9,EMX2OS;LRRC75A-AS1;MZF1-AS1;NR2F1-AS1;PP7080;TRHDE-AS1;MALAT1;TERC;RP1-193H18.2,0.0464,2.10E-06,4.55E-05,0.002,0.0174,9/194,335,D05-D09
hsa-miR-7-5p,MicroRNA,lncbase,10,DHRS4-AS1;GAS5;LINC00852;PITPNA-AS1;SDCBP2-AS1;SERTAD4-AS1;SNHG12;MALAT1;RP11-444D3.1;MIAT,0.04,2.17E-06,4.60E-05,0.00207,0.0175,10/250,335,D05-D09
hsa-miR-589-5p,MicroRNA,lncbase,6,LRRC75A-AS1;THAP9-AS1;MALAT1;RMRP;RP11-395G23.3;RP11-403P17.4,0.0909,2.30E-06,4.77E-05,0.00219,0.0153,6/66,335,D05-D09
hsa-miR-146b-5p,MicroRNA,starbase,4,SNHG7;EPB41L4A-AS1;MALAT1;RP11-395G23.3,0.235,2.38E-06,0.000165,0.000659,0.0116,04/17/22,335,D05-D09
hsa-miR-589-3p,MicroRNA,lncbase,7,MIR663AHG;SLFNL1-AS1;SNHG12;SNHG5;SNHG7;MALAT1;RP11-395G23.3,0.0673,2.52E-06,5.01E-05,0.0024,0.0163,7/104,335,D05-D09
hsa-miR-766-5p,MicroRNA,lncbase,7,ASB16-AS1;LINC00174;LRRC75A-AS1;MIR663AHG;SLFNL1-AS1;SNHG17;RMRP,0.0673,2.52E-06,5.01E-05,0.0024,0.0163,7/104,335,D05-D09
hsa-miR-130a-3p,MicroRNA,lncbase,7,GAS5;LINC01515;SNHG7;CTC-338M12.2;MALAT1;RNU11;RP11-403P17.4,0.0667,2.68E-06,5.22E-05,0.00256,0.0163,7/105,335,D05-D09
hsa-miR-92a-3p,MicroRNA,lncbase,7,BAALC-AS1;GAS5;PITPNA-AS1;SNHG12;SNHG5;LINC00511;MALAT1,0.066,2.86E-06,5.35E-05,0.00273,0.0162,7/106,335,D05-D09
hsa-miR-34b-5p,MicroRNA,lncbase,7,GAS5;LRRC75A-AS1;MIR663AHG;MZF1-AS1;SLFNL1-AS1;SNHG12;ZFAS1,0.066,2.86E-06,5.35E-05,0.00273,0.0162,7/106,335,D05-D09
hsa-miR-382-5p,MicroRNA,lncbase,8,EMX2OS;LRRC75A-AS1;NR2F1-AS1;SNHG12;SNHG5;THAP9-AS1;WDFY3-AS2;MALAT1,0.0519,3.38E-06,6.20E-05,0.00322,0.0167,8/154,335,D05-D09
hsa-miR-185-5p,MicroRNA,lncbase,10,GAS5;LINC00852;LINC00942;LINC01511;PP7080;SNHG12;ZFAS1;MALAT1;RP11-395G23.3;MIAT,0.0377,3.65E-06,6.57E-05,0.00348,0.017,10/265,335,D05-D09
hsa-miR-550a-5p,MicroRNA,lncbase,5,IGF2-AS;LRRC75A-AS1;SNHG7;MALAT1;SNHG19,0.122,3.79E-06,6.70E-05,0.00362,0.0136,5/41,335,D05-D09
hsa-miR-671-5p,MicroRNA,lncbase,7,LINC00852;LRRC75A-AS1;PITPNA-AS1;SLFNL1-AS1;SNHG12;MALAT1;RMRP,0.0631,3.89E-06,6.75E-05,0.00371,0.0161,7/111,335,D05-D09
hsa-miR-301b-3p,MicroRNA,lncbase,6,LINC01515;SNHG7;CTC-338M12.2;MALAT1;RNU11;RP11-403P17.4,0.0811,4.52E-06,7.70E-05,0.00431,0.015,6/74,335,D05-D09
hsa-miR-491-5p,MicroRNA,lncbase,6,LINC00441;LRRC75A-AS1;MZF1-AS1;ZFAS1;MALAT1;RP11-473M20.16,0.08,4.89E-06,7.91E-05,0.00467,0.015,6/75,335,D05-D09
hsa-miR-3685,MicroRNA,lncbase,6,GAS5;LRRC75A-AS1;PP7080;GUSBP1;MALAT1;RP11-351D16.3,0.08,4.89E-06,7.91E-05,0.00467,0.015,6/75,335,D05-D09
hsa-miR-18a-5p,MicroRNA,lncbase,6,LOC100506082;LRRC75A-AS1;SNHG17;MALAT1;RNU12;RP11-395G23.3,0.08,4.89E-06,7.91E-05,0.00467,0.015,6/75,335,D05-D09
hsa-miR-9-3p,MicroRNA,lncbase,8,DHRS4-AS1;RMST;SNHG5;THAP9-AS1;WDFY3-AS2;GUSBP1;MALAT1;MIAT,0.0491,5.14E-06,8.17E-05,0.0049,0.0164,8/163,335,D05-D09
hsa-miR-216b-5p,MicroRNA,starbase,4,LINC00638;SNHG7;MALAT1;RNU11,0.19,5.87E-06,0.000325,0.00163,0.0115,04/21/22,335,D05-D09
hsa-miR-509-3-5p,MicroRNA,lncbase,3,GAS5;ZFAS1;MALAT1,0.429,6.42E-06,9.88E-05,0.00612,0.00893,03/07/22,335,D05-D09
hsa-miR-509-5p,MicroRNA,lncbase,3,GAS5;ZFAS1;MALAT1,0.429,6.42E-06,9.88E-05,0.00612,0.00893,03/07/22,335,D05-D09
hsa-miR-4454,MicroRNA,lncbase,4,SNHG12;SNHG5;MALAT1;MIAT,0.182,7.14E-06,0.000108,0.00681,0.0114,04/22/22,335,D05-D09
hsa-miR-125a-5p,MicroRNA,lncbase,9,DARS-AS1;NR2F1-AS1;PP7080;SLFNL1-AS1;SNHG17;UBL7-AS1;CTC-338M12.2;MALAT1;RP11-473M20.16,0.0396,7.54E-06,0.000112,0.00719,0.0164,9/227,335,D05-D09
hsa-miR-616-5p,MicroRNA,lncbase,6,GAS5;MIR663AHG;PP7080;SNHG5;MALAT1;RNU12,0.0741,7.65E-06,0.000112,0.0073,0.0147,6/81,335,D05-D09
hsa-miR-548d-3p,MicroRNA,lncbase,5,LINC01515;MALAT1;RMRP;RNU11;RNU12,0.104,8.39E-06,0.000119,0.008,0.0133,5/48,335,D05-D09
hsa-miR-345-5p,MicroRNA,lncbase,5,SLFNL1-AS1;ZFAS1;MALAT1;RMRP;TERC,0.104,8.39E-06,0.000119,0.008,0.0133,5/48,335,D05-D09
hsa-miR-342-3p,MicroRNA,lncbase,7,MIR663AHG;SLFNL1-AS1;SNHG17;SNHG5;MALAT1;RNU12;RP11-473M20.16,0.056,8.52E-06,0.00012,0.00813,0.0156,7/125,335,D05-D09
hsa-miR-125b-5p,MicroRNA,lncbase,9,DARS-AS1;NR2F1-AS1;PP7080;SLFNL1-AS1;SNHG17;UBL7-AS1;CTC-338M12.2;MALAT1;RP11-473M20.16,0.0388,8.97E-06,0.000124,0.00856,0.0162,9/232,335,D05-D09
hsa-miR-4429,MicroRNA,lncbase,6,LINC01515;SNHG12;SNHG5;ZFAS1;MALAT1;TERC,0.0714,9.45E-06,0.000129,0.00902,0.0146,6/84,335,D05-D09
hsa-miR-377-3p,MicroRNA,lncbase,8,SERTAD4-AS1;SNHG5;TRHDE-AS1;WDFY3-AS2;ZFAS1;LINC00511;MALAT1;RP11-84A19.4,0.0449,9.80E-06,0.00013,0.00935,0.0159,8/178,335,D05-D09
hsa-miR-28-5p,MicroRNA,lncbase,8,GAS5;LRRC75A-AS1;NFYC-AS1;NR2F1-AS1;SDCBP2-AS1;SNHG17;THAP9-AS1;MALAT1,0.0449,9.80E-06,0.00013,0.00935,0.0159,8/178,335,D05-D09
hsa-miR-424-5p,MicroRNA,lncbase,9,LINC00664;LINC00852;SLFNL1-AS1;SNHG12;SNHG7;ZFAS1;EPB41L4A-AS1;MALAT1;TERC,0.0381,1.03E-05,0.000131,0.00983,0.0161,9/236,335,D05-D09
hsa-miR-551b-3p,MicroRNA,lncbase,4,MIR663AHG;RNU12;RP11-473M20.16;TERC,0.167,1.03E-05,0.000131,0.00983,0.0114,04/24/22,335,D05-D09
hsa-miR-548a-5p,MicroRNA,lncbase,4,SNHG17;SNHG5;MALAT1;RNU12,0.167,1.03E-05,0.000131,0.00983,0.0114,04/24/22,335,D05-D09
hsa-miR-3199,MicroRNA,lncbase,5,ASB16-AS1;LRRC75A-AS1;PP7080;RMRP;RP11-395G23.3,0.098,1.13E-05,0.000141,0.0108,0.0132,5/51,335,D05-D09
hsa-miR-338-3p,MicroRNA,lncbase,10,LRRC75A-AS1;SLFNL1-AS1;SNHG17;SNHG21;SPATA41;TRHDE-AS1;EPB41L4A-AS1;MALAT1;RP11-273G15.2;TERC,0.0331,1.14E-05,0.000141,0.0109,0.016,10/302,335,D05-D09
hsa-miR-933,MicroRNA,lncbase,4,MIF-AS1;MIR663AHG;MALAT1;RMRP,0.16,1.22E-05,0.000149,0.0116,0.0113,04/25/22,335,D05-D09
hsa-miR-423-3p,MicroRNA,lncbase,5,FLJ37453;MIR663AHG;NFYC-AS1;SNHG5;RP11-84A19.4,0.0962,1.25E-05,0.000151,0.0119,0.0132,5/52,335,D05-D09
hsa-miR-449a,MicroRNA,lncbase,7,GAS5;KIAA1614-AS1;SNHG12;TRHDE-AS1;ZFAS1;MALAT1;RNU12,0.0522,1.34E-05,0.000159,0.0128,0.0153,7/134,335,D05-D09
hsa-miR-3679-5p,MicroRNA,lncbase,5,CRNDE;LRRC75A-AS1;MIR663AHG;MALAT1;RNU12,0.0943,1.37E-05,0.000159,0.0131,0.0132,5/53,335,D05-D09
hsa-miR-618,MicroRNA,lncbase,5,SNHG5;SNHG7;ZFAS1;MALAT1;TERC,0.0943,1.37E-05,0.000159,0.0131,0.0132,5/53,335,D05-D09
hsa-miR-139-5p,MicroRNA,lncbase,8,GAS5;LRRC75A-AS1;NR2F1-AS1;RMST;WDFY3-AS2;MALAT1;RP1-193H18.2;MIAT,0.0428,1.40E-05,0.00016,0.0134,0.0157,8/187,335,D05-D09
hsa-miR-194-3p,MicroRNA,lncbase,6,LRRC75A-AS1;MIR663AHG;SNHG12;CTC-338M12.2;MALAT1;RNU12,0.0667,1.41E-05,0.00016,0.0135,0.0144,6/90,335,D05-D09
hsa-miR-607,MicroRNA,lncbase,3,GAS5;ZFAS1;MALAT1,0.333,1.53E-05,0.000172,0.0146,0.00888,03/09/22,335,D05-D09
hsa-miR-7-5p,MicroRNA,starbase,4,LINC00852;RHPN1-AS1;TMPO-AS1;TBC1D3P1-DHX40P1,0.148,1.67E-05,0.000771,0.00463,0.0113,04/27/22,335,D05-D09
hsa-miR-454-5p,MicroRNA,lncbase,4,SPATA41;THAP9-AS1;ZFAS1;MALAT1,0.148,1.67E-05,0.000185,0.0159,0.0113,04/27/22,335,D05-D09
hsa-miR-130b-3p,MicroRNA,lncbase,6,LINC01515;SNHG7;CTC-338M12.2;MALAT1;RNU11;RP11-403P17.4,0.0632,1.92E-05,0.000211,0.0183,0.0143,6/95,335,D05-D09
hsa-miR-3687,MicroRNA,lncbase,4,MIR663AHG;SLFNL1-AS1;SNHG7;MALAT1,0.143,1.95E-05,0.000211,0.0186,0.0112,04/28/22,335,D05-D09
hsa-miR-557,MicroRNA,lncbase,3,AC113618.1;MALAT1;RMRP,0.3,2.17E-05,0.00023,0.0207,0.00885,03/10/22,335,D05-D09
hsa-miR-25-5p,MicroRNA,lncbase,3,MIR663AHG;RMRP;RNU12,0.3,2.17E-05,0.00023,0.0207,0.00885,03/10/22,335,D05-D09
hsa-miR-3605-5p,MicroRNA,lncbase,5,CRNDE;TRHDE-AS1;MALAT1;RMRP;RNU12,0.0847,2.33E-05,0.000244,0.0222,0.013,5/59,335,D05-D09
hsa-miR-4685-3p,MicroRNA,lncbase,6,FLJ37453;MIR663AHG;ZFAS1;MALAT1;RP11-43N5.1;RP11-444D3.1,0.0606,2.42E-05,0.000251,0.0231,0.0141,6/99,335,D05-D09
hsa-miR-548h-5p,MicroRNA,lncbase,4,SNHG17;SNHG5;MALAT1;RNU12,0.133,2.58E-05,0.000265,0.0246,0.0112,04/30/22,335,D05-D09
hsa-miR-421,MicroRNA,lncbase,6,LRRC75A-AS1;SNHG5;THAP9-AS1;ZFAS1;LINC00511;MALAT1,0.0594,2.72E-05,0.000276,0.0259,0.0141,6/101,335,D05-D09
hsa-miR-30d-3p,MicroRNA,lncbase,7,GAS5;LINC00476;LRRC75A-AS1;SNHG17;SNHG5;ZFAS1;MALAT1,0.0467,2.78E-05,0.000279,0.0265,0.0147,7/150,335,D05-D09
hsa-miR-32-5p,MicroRNA,lncbase,6,GAS5;PITPNA-AS1;SNHG5;LINC00511;MALAT1;RP11-395G23.3,0.0588,2.87E-05,0.000285,0.0274,0.014,6/102,335,D05-D09
hsa-miR-181b-5p,MicroRNA,lncbase,7,SNHG12;SNHG5;SNHG7;TRHDE-AS1;ZFAS1;MALAT1;TBC1D3P1-DHX40P1,0.0464,2.90E-05,0.000285,0.0277,0.0147,7/151,335,D05-D09
hsa-miR-449c-5p,MicroRNA,lncbase,6,GAS5;LRRC75A-AS1;MIR663AHG;MZF1-AS1;SLFNL1-AS1;ZFAS1,0.0577,3.21E-05,0.000312,0.0306,0.014,6/104,335,D05-D09
hsa-miR-1243,MicroRNA,lncbase,4,SNHG17;ZFAS1;MALAT1;RP11-395G23.3,0.125,3.36E-05,0.000313,0.0321,0.0111,4/32,335,D05-D09
hsa-miR-4733-5p,MicroRNA,lncbase,4,SNHG5;TRHDE-AS1;EPB41L4A-AS1;LINC00511,0.125,3.36E-05,0.000313,0.0321,0.0111,4/32,335,D05-D09
hsa-miR-1913,MicroRNA,lncbase,6,LRRC75A-AS1;MIR663AHG;SLFNL1-AS1;MALAT1;RMRP;RNU11,0.0571,3.38E-05,0.000313,0.0322,0.0139,6/105,335,D05-D09
hsa-miR-21-3p,MicroRNA,lncbase,6,EMX2OS;PP7080;SNHG12;SNHG17;ZFAS1;MALAT1,0.0571,3.38E-05,0.000313,0.0322,0.0139,6/105,335,D05-D09
hsa-miR-500a-5p,MicroRNA,lncbase,6,GAS5;SNHG12;SNHG5;THAP9-AS1;MALAT1;RP11-473M20.16,0.0571,3.38E-05,0.000313,0.0322,0.0139,6/105,335,D05-D09
hsa-miR-374a-5p,MicroRNA,lncbase,5,DHRS4-AS1;LINC01515;SDCBP2-AS1;TRHDE-AS1;MALAT1,0.0781,3.47E-05,0.000318,0.0331,0.0128,5/64,335,D05-D09
hsa-miR-744-5p,MicroRNA,lncbase,5,LRRC75A-AS1;SNHG7;MALAT1;RMRP;TERC,0.0769,3.74E-05,0.000339,0.0357,0.0128,5/65,335,D05-D09
hsa-miR-1179,MicroRNA,lncbase,4,GAS5;PTPRG-AS1;SNHG21;MALAT1,0.121,3.80E-05,0.000339,0.0363,0.0111,4/33,335,D05-D09
hsa-miR-513a-5p,MicroRNA,lncbase,4,DARS-AS1;MIR663AHG;SNHG5;MALAT1,0.121,3.80E-05,0.000339,0.0363,0.0111,4/33,335,D05-D09
hsa-miR-346,MicroRNA,starbase,3,GAS5;PSMD6-AS2;MALAT1,0.25,3.95E-05,0.00156,0.0109,0.0088,03/12/22,335,D05-D09
hsa-miR-373-5p,MicroRNA,lncbase,3,GAS5;MIR663AHG;MALAT1,0.25,3.95E-05,0.000339,0.0377,0.0088,03/12/22,335,D05-D09
hsa-miR-920,MicroRNA,lncbase,3,MIR663AHG;MALAT1;RMRP,0.25,3.95E-05,0.000339,0.0377,0.0088,03/12/22,335,D05-D09
hsa-miR-92a-2-5p,MicroRNA,lncbase,3,LRRC75A-AS1;MIR663AHG;MALAT1,0.25,3.95E-05,0.000339,0.0377,0.0088,03/12/22,335,D05-D09
hsa-miR-138-1-3p,MicroRNA,lncbase,3,SNHG5;ZFAS1;MALAT1,0.25,3.95E-05,0.000339,0.0377,0.0088,03/12/22,335,D05-D09
hsa-miR-18b-5p,MicroRNA,lncbase,5,LOC100506082;LRRC75A-AS1;MALAT1;RNU12;RP11-395G23.3,0.0758,4.02E-05,0.000342,0.0384,0.0127,5/66,335,D05-D09
hsa-miR-545-3p,MicroRNA,lncbase,7,GAS5;LRRC75A-AS1;SLFNL1-AS1;SNHG17;SNHG5;EPB41L4A-AS1;MALAT1,0.0429,4.73E-05,0.000399,0.0451,0.0143,7/163,335,D05-D09
hsa-miR-335-5p,MicroRNA,lncbase,4,GAS5;LRRC75A-AS1;MALAT1;RP11-403P17.4,0.114,4.82E-05,0.000403,0.046,0.011,4/35,335,D05-D09
hsa-miR-33b-5p,MicroRNA,lncbase,7,EMX2OS;LRRC75A-AS1;NFYC-AS1;NR2F1-AS1;RMST;LINC00511;MALAT1,0.0427,4.91E-05,0.000407,0.0468,0.0143,7/164,335,D05-D09
hsa-miR-378i,MicroRNA,lncbase,5,GAS5;SLFNL1-AS1;SNHG17;MALAT1;RP11-395G23.3,0.0725,4.99E-05,0.00041,0.0476,0.0126,5/69,335,D05-D09
hsa-miR-4262,MicroRNA,starbase,4,PSMD6-AS2;SNHG12;SNHG7;MALAT1,0.108,6.02E-05,0.00172,0.0167,0.011,4/37,335,D05-D09
hsa-miR-181c-5p,MicroRNA,starbase,4,PSMD6-AS2;SNHG12;SNHG7;MALAT1,0.103,7.44E-05,0.00172,0.0206,0.0109,4/39,335,D05-D09
hsa-miR-181d-5p,MicroRNA,starbase,4,PSMD6-AS2;SNHG12;SNHG7;MALAT1,0.103,7.44E-05,0.00172,0.0206,0.0109,4/39,335,D05-D09
hsa-miR-181a-5p,MicroRNA,starbase,4,PSMD6-AS2;SNHG12;SNHG7;MALAT1,0.103,7.44E-05,0.00172,0.0206,0.0109,4/39,335,D05-D09
hsa-miR-181b-5p,MicroRNA,starbase,4,PSMD6-AS2;SNHG12;SNHG7;MALAT1,0.103,7.44E-05,0.00172,0.0206,0.0109,4/39,335,D05-D09
hsa-miR-24-3p,MicroRNA,starbase,4,DHRS4-AS1;TAPT1-AS1;FENDRR;RP11-395G23.3,0.0976,9.07E-05,0.00193,0.0251,0.0108,4/41,335,D05-D09
hsa-miR-411-5p,MicroRNA,starbase,3,ASB16-AS1;DHRS4-AS1;SDCBP2-AS1,0.188,9.88E-05,0.00195,0.0274,0.0087,03/16/22,335,D05-D09
hsa-miR-23c,MicroRNA,starbase,4,GAS5;MALAT1;RNU12;AC006129.2,0.0909,0.00012,0.00196,0.0332,0.0108,4/44,335,D05-D09
hsa-miR-23a-3p,MicroRNA,starbase,4,GAS5;MALAT1;RNU12;AC006129.2,0.0909,0.00012,0.00196,0.0332,0.0108,4/44,335,D05-D09
hsa-miR-23b-3p,MicroRNA,starbase,4,GAS5;MALAT1;RNU12;AC006129.2,0.0909,0.00012,0.00196,0.0332,0.0108,4/44,335,D05-D09
hsa-miR-590-3p,MicroRNA,starbase,4,GAS5;ZFAS1;MALAT1;RP11-395G23.3,0.0851,0.000156,0.0024,0.0432,0.0107,4/47,335,D05-D09
hsa-miR-185-5p,MicroRNA,lncbase,21,TTLL7-IT1;MIR137HG;INE1;NBR2;LINC01184;UBA6-AS1;LINC00294;SLC26A4-AS1;LOC648987;MIR124-2HG;LINC00900;OSER1-AS1;LINC00641;LIFR-AS1;LINC00342;OTUD6B-AS1;ACTA2-AS1;SGMS1-AS1;LINC00632;MALAT1;SCARNA2,0.0792,1.33E-13,1.18E-10,1.27E-10,0.027,21/265,546,D16-D36
hsa-miR-135a-5p,MicroRNA,lncbase,18,ACAP2-IT1;TTLL7-IT1;LINC01128;LINC00667;LINC00461;LINC00294;KRTAP5-AS1;PWRN1;MIR4500HG;MIR124-2HG;LPP-AS2;MAGI2-AS3;LINC00641;MIR4458HG;PINK1-AS;LINC00473;LINC00909;RP11-758H9.2,0.0968,2.47E-13,1.18E-10,2.36E-10,0.0256,18/186,546,D16-D36
hsa-miR-143-3p,MicroRNA,lncbase,18,MIR137HG;BAIAP2-AS1;ERVK13-1;H19;RFPL1S;LINC00667;KRTAP5-AS1;PDCD4-AS1;MIR4500HG;OSER1-AS1;MAGI2-AS3;LINC00641;LINC00342;OTUD6B-AS1;LINC00473;MALAT1;RNF139-AS1;RP11-390F4.3,0.0878,1.31E-12,4.17E-10,1.25E-09,0.025,18/205,546,D16-D36
hsa-miR-369-3p,MicroRNA,lncbase,17,ACAP2-IT1;TTLL7-IT1;MAPT-IT1;SLC26A4-AS1;SLC25A21-AS1;LINC01122;MIR124-2HG;TTN-AS1;LINC00641;MIR181A1HG;SNAP25-AS1;ZRANB2-AS2;OTUD6B-AS1;LINC00632;MALAT1;RP11-286B14.1;RP11-422P24.11,0.0802,2.35E-11,5.60E-09,2.24E-08,0.0233,17/212,546,D16-D36
hsa-miR-24-3p,MicroRNA,lncbase,17,FOXD2-AS1;H19;RFPL1S;LINC01128;NOP14-AS1;KRTAP5-AS1;FUT8-AS1;TPT1-AS1;SLC25A21-AS1;LPP-AS2;LINC00641;RAP2C-AS1;OTUD6B-AS1;LINC00839;MALAT1;RP11-210M15.2;RP11-454P21.1,0.0639,8.05E-10,1.54E-07,7.68E-07,0.0217,17/266,546,D16-D36
hsa-miR-126-5p,MicroRNA,lncbase,15,MIR137HG;LINC01184;LINC00667;TPT1-AS1;LINC00847;TTN-AS1;MAGI2-AS3;PRKAG2-AS1;LINC00641;MIR4458HG;SNAP25-AS1;LINC00571;MALAT1;RP11-758H9.2;SNHG8,0.0658,5.37E-09,8.54E-07,5.12E-06,0.0201,15/228,546,D16-D36
hsa-miR-125b-5p,MicroRNA,lncbase,15,INE1;H19;LINC00667;LINC00461;RNF216P1;KRTAP5-AS1;LINC00847;SRRM2-AS1;ARHGEF26-AS1;SGMS1-AS1;GLIDR;LINC00599;LINC01521;MALAT1;SNHG8,0.0647,6.79E-09,9.25E-07,6.48E-06,0.02,15/232,546,D16-D36
hsa-miR-491-5p,MicroRNA,starbase,7,BAIAP2-AS1;LBX2-AS1;H19;A1BG-AS1;PRKAG2-AS1;SH3BP5-AS1;MALAT1,0.226,1.29E-08,3.57E-06,3.57E-06,0.0125,07/31/22,546,D16-D36
hsa-miR-148b-3p,MicroRNA,lncbase,14,GAS6-AS1;H19;RFPL1S;LINC00667;LINC01122;TTN-AS1;MAGI2-AS3;LINC00641;MIR4458HG;SNAP25-AS1;LINC00632;MALAT1;RP11-286B14.1;RP11-454P21.1,0.0636,2.64E-08,3.15E-06,2.52E-05,0.0189,14/220,546,D16-D36
hsa-let-7e-5p,MicroRNA,lncbase,14,INE1;MGC16275;H19;RFPL1S;RNF216P1;LINC00294;SLC26A4-AS1;MIR124-2HG;LINC00641;HEIH;SH3BP5-AS1;TRAM2-AS1;MALAT1;RP11-175K6.1,0.0628,3.13E-08,3.32E-06,2.99E-05,0.0188,14/223,546,D16-D36
hsa-miR-125a-5p,MicroRNA,lncbase,14,INE1;H19;LINC00667;LINC00461;RNF216P1;KRTAP5-AS1;LINC00847;SRRM2-AS1;ARHGEF26-AS1;SGMS1-AS1;LINC00599;LINC01521;MALAT1;SNHG8,0.0617,3.90E-08,3.72E-06,3.72E-05,0.0187,14/227,546,D16-D36
hsa-miR-106b-5p,MicroRNA,lncbase,11,LINC00265;H19;LINC00667;RNF216P1;MIR4500HG;LOC648987;PINK1-AS;NALCN-AS1;LINC00909;MALAT1;SCARNA2,0.0833,5.34E-08,4.41E-06,5.09E-05,0.0168,11/132,546,D16-D36
hsa-miR-20a-5p,MicroRNA,lncbase,11,LINC00265;H19;LINC00667;RNF216P1;MIR4500HG;LOC648987;PINK1-AS;NALCN-AS1;LINC00909;MALAT1;SCARNA2,0.0827,5.78E-08,4.41E-06,5.51E-05,0.0168,11/133,546,D16-D36
hsa-miR-30c-5p,MicroRNA,lncbase,14,ACAP2-IT1;GAS6-AS1;LINC00265;H19;LINC01184;LINC00667;LINC00461;ZBTB11-AS1;SLC26A4-AS1;MAGI2-AS3;MIR4458HG;OTUD6B-AS1;LINC00632;MALAT1,0.0596,6.01E-08,4.41E-06,5.73E-05,0.0185,14/235,546,D16-D36
hsa-miR-132-3p,MicroRNA,lncbase,13,ACAP2-IT1;TTLL7-IT1;ERVK13-1;LINC00461;MIR4500HG;MIR124-2HG;MAGI2-AS3;LINC00641;MIR4458HG;HEIH;OTUD6B-AS1;LINC00599;MALAT1,0.0616,1.20E-07,8.18E-06,0.000114,0.0178,13/211,546,D16-D36
hsa-miR-181a-5p,MicroRNA,lncbase,16,TTLL7-IT1;RFPL1S;LINC01184;LINC00667;RNF216P1;LINC00294;KRTAP5-AS1;LINC00847;MIR124-2HG;OSER1-AS1;MAGI2-AS3;LINC00641;MIR4458HG;DACT3-AS1;LINC01378;MALAT1,0.0478,1.47E-07,8.22E-06,0.00014,0.0188,16/335,546,D16-D36
hsa-let-7b-5p,MicroRNA,lncbase,15,MGC16275;H19;RFPL1S;RNF216P1;SLC26A4-AS1;MIR124-2HG;TTN-AS1;MAGI2-AS3;LINC00641;HEIH;SH3BP5-AS1;TRAM2-AS1;MALAT1;RP11-175K6.1;RP11-286B14.1,0.051,1.55E-07,8.22E-06,0.000148,0.0185,15/294,546,D16-D36
hsa-let-7f-5p,MicroRNA,lncbase,15,MGC16275;H19;RFPL1S;RNF216P1;SLC26A4-AS1;MIR124-2HG;TTN-AS1;MAGI2-AS3;LINC00641;HEIH;SH3BP5-AS1;TRAM2-AS1;MALAT1;RP11-175K6.1;RP11-286B14.1,0.051,1.55E-07,8.22E-06,0.000148,0.0185,15/294,546,D16-D36
hsa-let-7i-5p,MicroRNA,lncbase,15,MGC16275;H19;RFPL1S;RNF216P1;SLC26A4-AS1;MIR124-2HG;TTN-AS1;MAGI2-AS3;LINC00641;HEIH;SH3BP5-AS1;TRAM2-AS1;MALAT1;RP11-175K6.1;RP11-286B14.1,0.051,1.55E-07,8.22E-06,0.000148,0.0185,15/294,546,D16-D36
hsa-let-7g-5p,MicroRNA,lncbase,15,MGC16275;H19;RFPL1S;RNF216P1;SLC26A4-AS1;MIR124-2HG;TTN-AS1;MAGI2-AS3;LINC00641;HEIH;SH3BP5-AS1;TRAM2-AS1;MALAT1;RP11-175K6.1;RP11-286B14.1,0.0507,1.69E-07,8.40E-06,0.000161,0.0184,15/296,546,D16-D36
hsa-let-7a-5p,MicroRNA,lncbase,15,MGC16275;H19;RFPL1S;RNF216P1;SLC26A4-AS1;MIR124-2HG;TTN-AS1;MAGI2-AS3;LINC00641;HEIH;SH3BP5-AS1;TRAM2-AS1;MALAT1;RP11-175K6.1;RP11-286B14.1,0.0505,1.76E-07,8.40E-06,0.000168,0.0184,15/297,546,D16-D36
hsa-miR-26a-5p,MicroRNA,lncbase,15,MIR137HG;RFPL1S;LINC01184;LINC00667;MIR124-2HG;MAGI2-AS3;MIR4458HG;MIR181A1HG;HEIH;OTUD6B-AS1;LINC00473;MALAT1;PCAT19;SCARNA2;RP11-10C24.2,0.0495,2.28E-07,1.01E-05,0.000218,0.0182,15/303,546,D16-D36
hsa-miR-99a-5p,MicroRNA,lncbase,7,H19;LINC01128;RNF216P1;MIR181A1HG;LINC00923;RP5-963E22.4;SNHG8,0.152,2.33E-07,1.01E-05,0.000222,0.0122,7/46,546,D16-D36
hsa-miR-30b-5p,MicroRNA,lncbase,13,ACAP2-IT1;LINC00265;H19;LINC01184;LINC00667;LINC00461;ZBTB11-AS1;SLC26A4-AS1;MAGI2-AS3;MIR4458HG;OTUD6B-AS1;LINC00632;MALAT1,0.056,3.59E-07,1.49E-05,0.000342,0.0173,13/232,546,D16-D36
hsa-miR-485-5p,MicroRNA,lncbase,11,TTLL7-IT1;BAIAP2-AS1;H19;A1BG-AS1;TPT1-AS1;LINC00847;SCOC-AS1;MAGI2-AS3;LINC00641;CPB2-AS1;MALAT1,0.0675,4.56E-07,1.81E-05,0.000435,0.016,11/163,546,D16-D36
hsa-miR-20b-5p,MicroRNA,lncbase,12,H19;LINC00957;LINC00294;LOC648987;MAGI2-AS3;LINC00641;PINK1-AS;NALCN-AS1;SCAMP1-AS1;MALAT1;RP11-286B14.1;SCARNA2,0.0585,6.35E-07,2.42E-05,0.000606,0.0165,12/205,546,D16-D36
hsa-miR-17-5p,MicroRNA,lncbase,12,H19;LINC00957;LINC00294;LOC648987;MAGI2-AS3;LINC00641;PINK1-AS;NALCN-AS1;SCAMP1-AS1;MALAT1;RP11-286B14.1;SCARNA2,0.0553,1.16E-06,4.26E-05,0.00111,0.0162,12/217,546,D16-D36
hsa-miR-149-5p,MicroRNA,lncbase,12,LINC01128;KRTAP5-AS1;MIR124-2HG;ST8SIA6-AS1;TTN-AS1;OSER1-AS1;LINC00342;SCAMP1-AS1;MALAT1;RNF139-AS1;RP11-286B14.1;RP11-454P21.1,0.0548,1.27E-06,4.49E-05,0.00121,0.0162,12/219,546,D16-D36
hsa-miR-3175,MicroRNA,lncbase,4,LINC00324;H19;MIR181A1HG;MALAT1,0.4,1.51E-06,5.14E-05,0.00144,0.00741,04/10/22,546,D16-D36
hsa-miR-19a-3p,MicroRNA,lncbase,11,TTLL7-IT1;LINC00052;H19;LINC00667;LINC00461;LINC00294;TTN-AS1;MAGI2-AS3;SGMS1-AS1;RP11-54O7.16;SNHG8,0.0591,1.68E-06,5.53E-05,0.0016,0.0155,11/186,546,D16-D36
hsa-miR-361-5p,MicroRNA,lncbase,12,RFPL1S;LINC00667;LINC00461;SLC25A21-AS1;LINC01122;ST8SIA6-AS1;MIR181A1HG;LINC01250;LINC00632;LINC01012;MALAT1;RP11-10C24.2,0.0524,2.03E-06,6.46E-05,0.00194,0.016,12/229,546,D16-D36
hsa-miR-27b-3p,MicroRNA,lncbase,16,FBXL19-AS1;RFPL1S;RNF216P1;LINC00294;JHDM1D-AS1;TPT1-AS1;MIR124-2HG;TTN-AS1;MAGI2-AS3;LINC00641;MIR4458HG;TRAM2-AS1;LINC01012;MALAT1;RP11-286B14.1;LINC00511,0.0388,2.24E-06,6.89E-05,0.00214,0.0172,16/412,546,D16-D36
hsa-miR-432-5p,MicroRNA,lncbase,11,MGC16275;RFPL1S;LINC01184;LINC00667;RNF216P1;NOP14-AS1;SLC26A4-AS1;LPP-AS2;LINC00909;MALAT1;RP11-348F1.2,0.0567,2.53E-06,7.52E-05,0.00241,0.0153,11/194,546,D16-D36
hsa-miR-744-5p,MicroRNA,lncbase,7,LINC00324;FBXL19-AS1;H19;RNF216P1;LPP-AS2;MALAT1;SCARNA2,0.108,2.60E-06,7.52E-05,0.00248,0.0118,7/65,546,D16-D36
hsa-miR-27a-3p,MicroRNA,lncbase,16,FBXL19-AS1;RFPL1S;RNF216P1;LINC00294;JHDM1D-AS1;TPT1-AS1;MIR124-2HG;TTN-AS1;MAGI2-AS3;LINC00641;MIR4458HG;TRAM2-AS1;LINC01012;MALAT1;RP11-286B14.1;LINC00511,0.0376,3.33E-06,9.24E-05,0.00318,0.017,16/425,546,D16-D36
hsa-miR-574-5p,MicroRNA,lncbase,10,MIR137HG;RFPL1S;LINC01128;A1BG-AS1;MIR124-2HG;MAGI2-AS3;LINC00641;LINC00473;LINC00632;MALAT1,0.0617,3.39E-06,9.24E-05,0.00323,0.0146,10/162,546,D16-D36
hsa-miR-9-3p,MicroRNA,lncbase,10,ACAP2-IT1;LINC00893;ZBTB11-AS1;TTN-AS1;MAGI2-AS3;LINC00641;MIR4458HG;OTUD6B-AS1;MALAT1;PCAT19,0.0613,3.58E-06,9.49E-05,0.00342,0.0146,10/163,546,D16-D36
hsa-miR-423-5p,MicroRNA,lncbase,10,LINC00893;GAS6-AS1;FOXD2-AS1;H19;A1BG-AS1;SRRM2-AS1;MALAT1;RP11-488C13.7;RP5-963E22.4;SCARNA2,0.061,3.78E-06,9.75E-05,0.00361,0.0145,10/164,546,D16-D36
hsa-miR-7-5p,MicroRNA,lncbase,12,BAIAP2-AS1;NBR2;RFPL1S;LINC01128;LINC00667;UBA6-AS1;SRRM2-AS1;LPP-AS2;MAGI2-AS3;LINC00641;MALAT1;RP11-390F4.3,0.048,5.00E-06,0.000126,0.00477,0.0155,12/250,546,D16-D36
hsa-miR-93-5p,MicroRNA,lncbase,11,H19;LINC00957;LINC00294;LOC648987;MAGI2-AS3;LINC00641;PINK1-AS;NALCN-AS1;MALAT1;RP11-286B14.1;SCARNA2,0.0512,6.76E-06,0.000165,0.00645,0.0149,11/215,546,D16-D36
hsa-miR-4701-3p,MicroRNA,lncbase,7,MGC16275;UBA6-AS1;ZEB1-AS1;SLC26A4-AS1;MIR124-2HG;LINC00641;RP11-1055B8.3,0.0921,7.48E-06,0.000178,0.00714,0.0116,7/76,546,D16-D36
hsa-miR-1-3p,MicroRNA,lncbase,10,ACAP2-IT1;TTLL7-IT1;BAIAP2-AS1;ERVK13-1;RFPL1S;A1BG-AS1;RNF216P1;LINC00641;OTUD6B-AS1;MALAT1,0.0552,9.04E-06,0.00021,0.00862,0.0142,10/181,546,D16-D36
hsa-miR-425-5p,MicroRNA,lncbase,10,TTLL7-IT1;LINC00052;H19;LOC648987;MAGI2-AS3;PRKAG2-AS1;LINC00641;MALAT1;MIR22HG;RP11-286B14.1,0.0546,9.95E-06,0.000226,0.00949,0.0141,10/183,546,D16-D36
hsa-miR-19a-3p,MicroRNA,starbase,6,LINC00313;H19;LINC00667;SLC26A4-AS1;LINC00342;LINC00839,0.111,1.14E-05,0.000723,0.00316,0.0103,6/54,546,D16-D36
hsa-miR-19b-3p,MicroRNA,starbase,6,LINC00313;H19;LINC00667;SLC26A4-AS1;LINC00342;LINC00839,0.111,1.14E-05,0.000723,0.00316,0.0103,6/54,546,D16-D36
hsa-miR-106a-5p,MicroRNA,lncbase,8,BAIAP2-AS1;H19;LOC648987;PINK1-AS;NALCN-AS1;MALAT1;SCARNA2;RP11-390F4.3,0.0708,1.19E-05,0.000264,0.0114,0.0125,8/113,546,D16-D36
hsa-miR-625-5p,MicroRNA,lncbase,7,H19;RNF216P1;LINC00294;SRRM2-AS1;LINC01291;MALAT1;SCARNA2,0.0854,1.24E-05,0.000269,0.0118,0.0115,7/82,546,D16-D36
hsa-miR-137,MicroRNA,lncbase,11,TTLL7-IT1;LINC01128;LINC00847;LOC648987;MAGI2-AS3;SNAP25-AS1;LINC00571;B4GALT1-AS1;MALAT1;RP11-758H9.2;SNHG8,0.0472,1.44E-05,0.000305,0.0137,0.0146,11/233,546,D16-D36
hsa-miR-378a-5p,MicroRNA,lncbase,8,H19;RNF216P1;KRTAP5-AS1;MIR4500HG;PINK1-AS;LINC01378;MALAT1;LINC00511,0.0684,1.54E-05,0.000319,0.0147,0.0124,8/117,546,D16-D36
hsa-miR-99b-5p,MicroRNA,lncbase,6,BAIAP2-AS1;H19;LINC01128;LIFR-AS1;MALAT1;SNHG8,0.102,1.91E-05,0.000384,0.0182,0.0102,6/59,546,D16-D36
hsa-miR-221-3p,MicroRNA,lncbase,8,H19;LINC01184;ZEB1-AS1;SLC26A4-AS1;LINC00632;MALAT1;RP11-286B14.1;RP11-758H9.2,0.0661,1.97E-05,0.000384,0.0188,0.0124,8/121,546,D16-D36
hsa-miR-7-1-3p,MicroRNA,lncbase,7,LINC01184;LINC00294;TTN-AS1;MAGI2-AS3;NR2F2-AS1;MALAT1;RP11-390F4.3,0.0795,1.97E-05,0.000384,0.0188,0.0114,7/88,546,D16-D36
hsa-miR-19b-3p,MicroRNA,lncbase,10,TTLL7-IT1;H19;LINC00667;LINC00461;LINC00294;TTN-AS1;MAGI2-AS3;SGMS1-AS1;RP11-54O7.16;SNHG8,0.0503,2.06E-05,0.000393,0.0197,0.0138,10/199,546,D16-D36
hsa-miR-378d,MicroRNA,starbase,4,FBXL19-AS1;LINC00641;AP006222.2;MALAT1,0.222,2.08E-05,0.000723,0.00576,0.0073,04/18/22,546,D16-D36
hsa-miR-378f,MicroRNA,starbase,4,FBXL19-AS1;LINC00641;AP006222.2;MALAT1,0.222,2.08E-05,0.000723,0.00576,0.0073,04/18/22,546,D16-D36
hsa-miR-378b,MicroRNA,starbase,4,FBXL19-AS1;LINC00641;AP006222.2;MALAT1,0.222,2.08E-05,0.000723,0.00576,0.0073,04/18/22,546,D16-D36
hsa-miR-378e,MicroRNA,starbase,4,FBXL19-AS1;LINC00641;AP006222.2;MALAT1,0.222,2.08E-05,0.000723,0.00576,0.0073,04/18/22,546,D16-D36
hsa-miR-194-3p,MicroRNA,lncbase,7,ERVK13-1;H19;RNF216P1;TTN-AS1;LINC00923;MALAT1;SCARNA2,0.0778,2.28E-05,0.000426,0.0218,0.0113,7/90,546,D16-D36
hsa-miR-378i,MicroRNA,starbase,4,FBXL19-AS1;LINC00641;AP006222.2;MALAT1,0.211,2.61E-05,0.000723,0.00723,0.00729,04/19/22,546,D16-D36
hsa-miR-378a-3p,MicroRNA,starbase,4,FBXL19-AS1;LINC00641;AP006222.2;MALAT1,0.211,2.61E-05,0.000723,0.00723,0.00729,04/19/22,546,D16-D36
hsa-miR-378h,MicroRNA,starbase,4,FBXL19-AS1;LINC00641;AP006222.2;MALAT1,0.211,2.61E-05,0.000723,0.00723,0.00729,04/19/22,546,D16-D36
hsa-miR-873-5p,MicroRNA,lncbase,9,BAIAP2-AS1;DLGAP1-AS1;INE1;H19;LINC01128;RNF216P1;MALAT1;SCARNA2;RP11-390F4.3,0.0542,2.93E-05,0.000533,0.028,0.013,9/166,546,D16-D36
hsa-miR-23b-3p,MicroRNA,lncbase,11,MIR137HG;INE1;RNF216P1;TPT1-AS1;MAGI2-AS3;LINC00641;FLJ46284;LINC00342;LINC00473;LINC01012;MALAT1,0.0437,2.96E-05,0.000533,0.0282,0.0142,11/252,546,D16-D36
hsa-miR-378c,MicroRNA,starbase,4,FBXL19-AS1;LINC00641;AP006222.2;MALAT1,0.2,3.24E-05,0.000748,0.00897,0.00727,04/20/22,546,D16-D36
hsa-miR-422a,MicroRNA,starbase,4,FBXL19-AS1;LINC00641;AP006222.2;MALAT1,0.2,3.24E-05,0.000748,0.00897,0.00727,04/20/22,546,D16-D36
hsa-miR-365b-3p,MicroRNA,lncbase,7,LINC00667;TTN-AS1;MAGI2-AS3;LINC00641;STEAP3-AS1;OTUD6B-AS1;MALAT1,0.0714,3.97E-05,0.00069,0.0379,0.0112,7/98,546,D16-D36
hsa-miR-151a-5p,MicroRNA,lncbase,6,H19;LOC256880;SLC26A4-AS1;LPP-AS2;LINC00632;MALAT1,0.0896,3.98E-05,0.00069,0.038,0.0101,6/67,546,D16-D36
hsa-miR-100-5p,MicroRNA,lncbase,5,H19;LINC01128;MIR181A1HG;LINC00923;RP5-963E22.4,0.119,4.46E-05,0.00076,0.0425,0.00876,5/42,546,D16-D36
hsa-miR-377-3p,MicroRNA,lncbase,9,TTLL7-IT1;H19;LINC00667;MIR124-2HG;LINC00641;MALAT1;RP11-286B14.1;SCARNA2;LINC00511,0.0506,5.05E-05,0.000831,0.0482,0.0128,9/178,546,D16-D36
hsa-miR-28-5p,MicroRNA,lncbase,9,H19;LINC01128;LINC00294;SLC26A4-AS1;TTN-AS1;MAGI2-AS3;STEAP3-AS1;MALAT1;RP11-266K4.14,0.0506,5.05E-05,0.000831,0.0482,0.0128,9/178,546,D16-D36
hsa-miR-197-3p,MicroRNA,starbase,4,LINC00641;LIFR-AS1;VIM-AS1;MALAT1,0.16,8.15E-05,0.00174,0.0226,0.00721,04/25/22,546,D16-D36
hsa-miR-142-3p,MicroRNA,starbase,4,ST8SIA6-AS1;MAGI2-AS3;MALAT1;RP11-458D21.1,0.138,0.000149,0.00295,0.0413,0.00716,04/29/22,546,D16-D36
hsa-miR-26a-5p,MicroRNA,lncbase,32,BACE1-AS;BDNF-AS;CDKN2B-AS1;DNAJC3-AS1;GABPB1-AS1;KCNQ1OT1;LINC-PINT;LINC00205;LINC00662;LINC01004;LINC01355;LY86-AS1;NEAT1;PART1;VSTM2A-OT1;ZSCAN16-AS1;AC093642.3;C1orf132;JPX;KANTR;LINC00299;LINC00630;LINC00667;LINC01184;MALAT1;MIR124-2HG;MIR181A1HG;PKI55;RP11-37B2.1;RP11-631N16.2;MIR137HG;RP11-386G21.2,0.106,1.91E-19,1.82E-16,1.82E-16,0.0326,32/303,766,D26-D36
hsa-miR-369-3p,MicroRNA,lncbase,26,DNAJC3-AS1;FTX;GABPB1-AS1;KCNJ2-AS1;KCNQ1OT1;LINC-PINT;LINC00526;LINC00632;LINC01355;MIR600HG;NEAT1;PART1;RAPGEF4-AS1;STXBP5-AS1;VSTM2A-OT1;WAC-AS1;CTC-459F4.3;LINC01122;MALAT1;MIR124-2HG;MIR181A1HG;MIR99AHG;RP11-307P5.1;RP11-37B2.1;RP11-673E1.1;RP11-359J14.2,0.123,1.15E-17,5.49E-15,1.10E-14,0.029,26/212,766,D26-D36
hsa-miR-485-5p,MicroRNA,lncbase,22,BACE1-AS;CD27-AS1;KANSL1-AS1;KCNQ1OT1;LINC00963;MEF2C-AS1;MIR7-3HG;NEAT1;NNT-AS1;TRAF3IP2-AS1;AC004540.5;C1orf132;CASC15;GS1-124K5.11;KANTR;LINC00320;LINC00467;LINC00630;MALAT1;MIR99AHG;RP11-420A23.1;RP11-631N16.2,0.135,4.73E-16,1.50E-13,4.51E-13,0.0259,22/163,766,D26-D36
hsa-miR-574-5p,MicroRNA,lncbase,20,BDNF-AS;DNAJC3-AS1;FTX;GABPB1-AS1;KCNQ1OT1;LINC-PINT;LINC00632;LINC01260;NEAT1;PSMG3-AS1;STXBP5-AS1;TRAF3IP2-AS1;ZNF667-AS1;ZNF790-AS1;MALAT1;MIR124-2HG;MIR99AHG;PKI55;MIR137HG;RP11-734K23.9,0.123,5.75E-14,1.15E-11,5.49E-11,0.0235,20/162,766,D26-D36
hsa-miR-143-3p,MicroRNA,lncbase,22,GABPB1-AS1;KCNQ1OT1;LINC00158;LINC00662;LINC00963;LINC01004;LINC01422;NEAT1;NUTM2A-AS1;PART1;POLR2J4;SFTA1P;SLC16A1-AS1;ZNF667-AS1;JPX;LINC00342;LINC00472;LINC00667;LINC00856;MALAT1;PKI55;MIR137HG,0.107,6.01E-14,1.15E-11,5.73E-11,0.0246,22/205,766,D26-D36
hsa-miR-137,MicroRNA,lncbase,23,BACE1-AS;DNAJC3-AS1;GABPB1-AS1;LINC-PINT;LINC01004;LINC01197;MEF2C-AS1;MIR600HG;NEAT1;NNT-AS1;SNHG8;TRAF3IP2-AS1;VSTM2A-OT1;ZNF790-AS1;C1orf132;CTC-459F4.3;CTD-2587M2.1;LINC00969;MALAT1;MIR99AHG;PKI55;AC159540.1;LINC00950,0.0987,9.74E-14,1.55E-11,9.29E-11,0.025,23/233,766,D26-D36
hsa-miR-185-5p,MicroRNA,lncbase,24,GABPB1-AS1;KCNQ1OT1;LINC00205;LINC00632;MAPT-AS1;NEAT1;NNT-AS1;PART1;SNAI3-AS1;TRAF3IP2-AS1;AC114765.2;C1orf132;LINC00342;LINC00856;LINC01184;MALAT1;MIAT;MIR124-2HG;PKI55;RP11-159D12.2;RP11-631N16.2;RP4-555D20.2;MIR137HG;RP11-688I9.4,0.0906,1.89E-13,2.58E-11,1.80E-10,0.0252,24/265,766,D26-D36
hsa-miR-126-5p,MicroRNA,lncbase,22,DICER1-AS1;FTX;GABPB1-AS1;KCNQ1OT1;LINC00205;LINC00526;LINC00662;LINC01004;NEAT1;NNT-AS1;NUTM2A-AS1;PART1;SNHG8;TRAF3IP2-AS1;VSTM2A-OT1;C1orf132;CTC-459F4.3;LINC00667;LINC01184;MALAT1;RP4-555D20.2;MIR137HG,0.0965,5.32E-13,6.34E-11,5.08E-10,0.024,22/228,766,D26-D36
hsa-miR-27b-3p,MicroRNA,lncbase,28,GABPB1-AS1;GAS6-AS2;KANSL1-AS1;KCNQ1OT1;LINC00511;LINC00662;LINC01355;LY86-AS1;NEAT1;NNT-AS1;NUTM2A-AS1;PART1;PAXIP1-AS1;RAB11B-AS1;WAC-AS1;C1orf132;LINC00467;LINC00630;LINC00969;LINC01021;LINC01138;MALAT1;MIAT;MIR124-2HG;MIR99AHG;PKI55;RP11-159D12.2;RP11-359J14.2,0.068,2.25E-12,2.38E-10,2.15E-09,0.0256,28/412,766,D26-D36
hsa-miR-27a-3p,MicroRNA,lncbase,28,GABPB1-AS1;GAS6-AS2;KANSL1-AS1;KCNQ1OT1;LINC00511;LINC00662;LINC01355;LY86-AS1;NEAT1;NNT-AS1;NUTM2A-AS1;PART1;PAXIP1-AS1;RAB11B-AS1;WAC-AS1;C1orf132;LINC00467;LINC00630;LINC00969;LINC01021;LINC01138;MALAT1;MIAT;MIR124-2HG;MIR99AHG;PKI55;RP11-159D12.2;RP11-359J14.2,0.0659,4.71E-12,4.49E-10,4.49E-09,0.0253,28/425,766,D26-D36
hsa-miR-30b-5p,MicroRNA,lncbase,21,GABPB1-AS1;LINC00632;LINC00844;LINC00921;LINC01004;LINC01355;MIR600HG;NEAT1;NNT-AS1;RAB11B-AS1;VSTM2A-OT1;LINC00265;LINC00467;LINC00667;LINC01184;MALAT1;RP11-30J20.1;RP11-37B2.1;RP11-631N16.2;RP11-673E1.1;RP4-555D20.2,0.0905,6.13E-12,4.87E-10,5.85E-09,0.0228,21/232,766,D26-D36
hsa-miR-125b-5p,MicroRNA,lncbase,21,FTX;GLIDR;KCNQ1OT1;LINC00963;LINC01004;LOC100129917;MIR600HG;MIR7-3HG;NEAT1;NNT-AS1;POLR2J4;SNHG8;C1orf132;CTC-459F4.3;KANTR;LINC00599;LINC00667;MALAT1;MIATNB;PKI55;RP11-159D12.2,0.0905,6.13E-12,4.87E-10,5.85E-09,0.0228,21/232,766,D26-D36
hsa-miR-30c-5p,MicroRNA,lncbase,21,GABPB1-AS1;LINC00632;LINC00844;LINC00921;LINC01004;LINC01355;MIR600HG;NEAT1;NNT-AS1;RAB11B-AS1;VSTM2A-OT1;LINC00265;LINC00467;LINC00667;LINC01184;MALAT1;RP11-30J20.1;RP11-37B2.1;RP11-631N16.2;RP11-673E1.1;RP4-555D20.2,0.0894,7.83E-12,5.75E-10,7.47E-09,0.0227,21/235,766,D26-D36
hsa-let-7e-5p,MicroRNA,lncbase,20,BACE1-AS;DNAJC27-AS1;FTX;KCNQ1OT1;LINC00963;LINC01277;NEAT1;NUTM2A-AS1;RNF219-AS1;USP3-AS1;VSTM2A-OT1;C1orf132;FAM157C;LINC00472;LINC00882;MALAT1;MIR124-2HG;MIR99AHG;RP11-37B2.1;RP3-329A5.8,0.0897,2.30E-11,1.57E-09,2.19E-08,0.0219,20/223,766,D26-D36
hsa-miR-125a-5p,MicroRNA,lncbase,20,FTX;KCNQ1OT1;LINC00963;LINC01004;LOC100129917;MIR600HG;MIR7-3HG;NEAT1;NNT-AS1;POLR2J4;SNHG8;C1orf132;CTC-459F4.3;KANTR;LINC00599;LINC00667;MALAT1;MIATNB;PKI55;RP11-159D12.2,0.0881,3.18E-11,2.02E-09,3.03E-08,0.0218,20/227,766,D26-D36
hsa-miR-24-3p,MicroRNA,lncbase,21,CD27-AS1;GABPB1-AS1;LINC-PINT;LINC00662;LINC00839;LINC00943;LOC100129917;MIR600HG;NEAT1;PART1;PAXIP1-AS1;SNHG10;VSTM2A-OT1;GMDS-AS1;LINC00969;MALAT1;PKI55;RP11-210M15.2;RP11-403I13.7;RP11-535M15.1;RP3-329A5.8,0.0789,8.08E-11,4.07E-09,7.71E-08,0.022,21/266,766,D26-D36
hsa-let-7b-5p,MicroRNA,lncbase,22,BACE1-AS;DNAJC27-AS1;FTX;KCNQ1OT1;LINC00355;LINC00963;LINC01277;NEAT1;NNT-AS1;NUTM2A-AS1;VSTM2A-OT1;C17orf100;C1orf132;FAM157C;LINC00472;LINC00882;MALAT1;MIR124-2HG;MIR99AHG;PKI55;RP11-37B2.1;RP3-329A5.8,0.0748,8.11E-11,4.07E-09,7.74E-08,0.0224,22/294,766,D26-D36
hsa-let-7f-5p,MicroRNA,lncbase,22,BACE1-AS;DNAJC27-AS1;FTX;KCNQ1OT1;LINC00355;LINC00963;LINC01277;NEAT1;NNT-AS1;NUTM2A-AS1;VSTM2A-OT1;C17orf100;C1orf132;FAM157C;LINC00472;LINC00882;MALAT1;MIR124-2HG;MIR99AHG;PKI55;RP11-37B2.1;RP3-329A5.8,0.0748,8.11E-11,4.07E-09,7.74E-08,0.0224,22/294,766,D26-D36
hsa-let-7i-5p,MicroRNA,lncbase,22,BACE1-AS;DNAJC27-AS1;FTX;KCNQ1OT1;LINC00355;LINC00963;LINC01277;NEAT1;NNT-AS1;NUTM2A-AS1;VSTM2A-OT1;C17orf100;C1orf132;FAM157C;LINC00472;LINC00882;MALAT1;MIR124-2HG;MIR99AHG;PKI55;RP11-37B2.1;RP3-329A5.8,0.0748,8.11E-11,4.07E-09,7.74E-08,0.0224,22/294,766,D26-D36
hsa-let-7g-5p,MicroRNA,lncbase,22,BACE1-AS;DNAJC27-AS1;FTX;KCNQ1OT1;LINC00355;LINC00963;LINC01277;NEAT1;NNT-AS1;NUTM2A-AS1;VSTM2A-OT1;C17orf100;C1orf132;FAM157C;LINC00472;LINC00882;MALAT1;MIR124-2HG;MIR99AHG;PKI55;RP11-37B2.1;RP3-329A5.8,0.0743,9.24E-11,4.41E-09,8.81E-08,0.0224,22/296,766,D26-D36
hsa-let-7a-5p,MicroRNA,lncbase,22,BACE1-AS;DNAJC27-AS1;FTX;KCNQ1OT1;LINC00355;LINC00963;LINC01277;NEAT1;NNT-AS1;NUTM2A-AS1;VSTM2A-OT1;C17orf100;C1orf132;FAM157C;LINC00472;LINC00882;MALAT1;MIR124-2HG;MIR99AHG;PKI55;RP11-37B2.1;RP3-329A5.8,0.0741,9.86E-11,4.48E-09,9.41E-08,0.0223,22/297,766,D26-D36
hsa-miR-181a-5p,MicroRNA,lncbase,23,BACE1-AS;DNAJC3-AS1;GS1-124K5.4;KCNQ1OT1;LINC-PINT;LINC00355;LINC00943;LINC00963;LINC01355;NEAT1;NNT-AS1;STX18-AS1;STXBP5-AS1;VSTM2A-OT1;LINC00667;LINC01184;MALAT1;MIAT;MIR124-2HG;MIR99AHG;RP11-37B2.1;RP11-631N16.2;RP11-673E1.1,0.0687,1.68E-10,7.29E-09,1.60E-07,0.0225,23/335,766,D26-D36
hsa-miR-23b-3p,MicroRNA,lncbase,20,GABPB1-AS1;KCNQ1OT1;LINC00601;LINC00662;LINC01004;MEF2C-AS1;NEAT1;PART1;SLC25A25-AS1;TRAF3IP2-AS1;WAC-AS1;CASC15;CTC-459F4.3;LINC00342;LINC00882;MALAT1;PKI55;RP11-37B2.1;RP11-673E1.1;MIR137HG,0.0794,2.07E-10,8.59E-09,1.97E-07,0.0212,20/252,766,D26-D36
hsa-miR-425-5p,MicroRNA,lncbase,17,JAZF1-AS1;KCNQ1OT1;LINC-PINT;LINC00963;MIR22HG;NEAT1;NNT-AS1;SNHG10;TRAF3IP2-AS1;C1orf132;LINC00320;LINC00969;LINC01021;MALAT1;PKI55;RP11-673E1.1;RP4-555D20.2,0.0929,4.17E-10,1.59E-08,3.98E-07,0.0194,17/183,766,D26-D36
hsa-miR-33a-5p,MicroRNA,lncbase,17,KCNQ1OT1;LINC00997;LINC01004;MCF2L-AS1;MEF2C-AS1;MIR7-3HG;NEAT1;NUTM2A-AS1;WAC-AS1;ZNF667-AS1;CASC15;LINC00320;LINC00630;MALAT1;MIR124-2HG;RP11-417L19.2;RP4-555D20.2,0.0929,4.17E-10,1.59E-08,3.98E-07,0.0194,17/183,766,D26-D36
hsa-miR-149-5p,MicroRNA,lncbase,18,FLJ16779;GABPB1-AS1;KCNQ1OT1;LINC01197;LOC100129917;MIR600HG;NEAT1;PART1;SFTA1P;SNHG10;STX18-AS1;C1orf132;LINC00342;MALAT1;MIAT;MIR124-2HG;PKI55;RP11-535M15.1,0.0822,9.41E-10,3.45E-08,8.98E-07,0.0198,18/219,766,D26-D36
hsa-miR-339-5p,MicroRNA,lncbase,14,KCNQ1OT1;LINC00963;LOC100129917;MIR7-3HG;NEAT1;PSMG3-AS1;SLC25A25-AS1;SNHG10;TRAF3IP2-AS1;AL035610.2;C1orf132;CTC-459F4.3;MALAT1;RP11-159D12.2,0.108,2.11E-09,7.46E-08,2.01E-06,0.0169,14/130,766,D26-D36
hsa-miR-23a-3p,MicroRNA,lncbase,19,GABPB1-AS1;KCNQ1OT1;LINC00601;LINC00662;LINC01004;MEF2C-AS1;NEAT1;PART1;SLC25A25-AS1;TRAF3IP2-AS1;WAC-AS1;CASC15;CTC-459F4.3;LINC00342;LINC00882;MALAT1;PKI55;RP11-37B2.1;RP11-673E1.1,0.0722,2.80E-09,9.54E-08,2.67E-06,0.0199,19/263,766,D26-D36
hsa-miR-5582-3p,MicroRNA,lncbase,9,HAGLR;KCNQ1OT1;LINC01004;LUCAT1;NEAT1;RBFADN;C1orf132;LINC01515;MALAT1,0.209,4.12E-09,1.36E-07,3.93E-06,0.0121,9/43,766,D26-D36
hsa-miR-33b-5p,MicroRNA,lncbase,15,KCNQ1OT1;LINC00511;LINC00997;LINC01355;MCF2L-AS1;MEF2C-AS1;MIR7-3HG;NEAT1;NUTM2A-AS1;LINC00320;LINC00630;MALAT1;MIR124-2HG;RP11-417L19.2;RP4-555D20.2,0.0915,5.48E-09,1.74E-07,5.23E-06,0.0175,15/164,766,D26-D36
hsa-miR-15a-5p,MicroRNA,lncbase,22,FLJ37035;HCG17;KCNQ1OT1;LINC00205;LINC00662;LINC00839;LINC00943;LINC01004;LINC01355;LY86-AS1;NEAT1;PART1;PSMG3-AS1;RNF219-AS1;WAC-AS1;C1orf132;CASC15;GS1-124K5.11;LINC00969;MALAT1;PKI55;RP11-159D12.2,0.0595,5.97E-09,1.84E-07,5.70E-06,0.0208,22/370,766,D26-D36
hsa-miR-148b-3p,MicroRNA,lncbase,17,LINC-PINT;LINC00632;LINC00963;LINC01004;MIR600HG;NEAT1;NUTM2A-AS1;SLC25A25-AS1;STXBP5-AS1;TSC22D1-AS1;JPX;LINC00467;LINC00667;LINC00969;LINC01122;LINC01266;MALAT1,0.0773,6.96E-09,2.07E-07,6.64E-06,0.0186,17/220,766,D26-D36
hsa-miR-124-3p,MicroRNA,lncbase,16,C5orf64;DICER1-AS1;FTX;KCNQ1OT1;LINC00205;LINC00526;LINC00632;LINC01004;NEAT1;SNHG8;STXBP5-AS1;C1orf132;LINC01301;MALAT1;MIR124-2HG;PKI55,0.0825,7.61E-09,2.20E-07,7.26E-06,0.018,16/194,766,D26-D36
hsa-miR-195-5p,MicroRNA,lncbase,21,FLJ37035;HCG17;KCNQ1OT1;LINC00205;LINC00662;LINC00839;LINC01004;LINC01355;LY86-AS1;NEAT1;PART1;PSMG3-AS1;RNF219-AS1;WAC-AS1;C1orf132;CASC15;GS1-124K5.11;LINC00969;MALAT1;PKI55;RP11-159D12.2,0.06,1.13E-08,3.17E-07,1.08E-05,0.0202,21/350,766,D26-D36
hsa-miR-361-5p,MicroRNA,lncbase,17,FAM13A-AS1;GABPB1-AS1;KCNQ1OT1;LINC00632;LINC01004;MIR600HG;NEAT1;NNT-AS1;SNHG10;KANTR;LINC00467;LINC00667;LINC01122;MALAT1;MIR181A1HG;MIR99AHG;RP11-37B2.1,0.0742,1.27E-08,3.46E-07,1.21E-05,0.0184,17/229,766,D26-D36
hsa-miR-589-5p,MicroRNA,lncbase,10,FAM13A-AS1;FTX;KCNQ1OT1;LINC00909;NEAT1;SNAI3-AS1;AC093642.3;C1orf132;MALAT1;RP11-480A16.1,0.152,1.53E-08,4.05E-07,1.46E-05,0.0131,10/66,766,D26-D36
hsa-miR-15b-5p,MicroRNA,lncbase,21,FLJ37035;HCG17;KCNQ1OT1;LINC00205;LINC00662;LINC00839;LINC01004;LINC01355;LY86-AS1;NEAT1;PART1;PSMG3-AS1;RNF219-AS1;WAC-AS1;C1orf132;CASC15;GS1-124K5.11;LINC00969;MALAT1;PKI55;RP11-159D12.2,0.0587,1.67E-08,4.19E-07,1.59E-05,0.0201,21/358,766,D26-D36
hsa-miR-377-3p,MicroRNA,lncbase,15,GABPB1-AS1;HCG17;KCNQ1OT1;LINC-PINT;LINC00511;MEF2C-AS1;NEAT1;PART1;TRAF3IP2-AS1;WAC-AS1;LINC00667;MALAT1;MIR124-2HG;PKI55;RP11-159D12.2,0.0843,1.67E-08,4.19E-07,1.59E-05,0.0172,15/178,766,D26-D36
hsa-miR-3199,MicroRNA,lncbase,9,FLJ16779;KCNQ1OT1;LINC01004;LOC100129917;NEAT1;SNHG8;C1orf132;GS1-124K5.11;LINC00969,0.176,2.02E-08,4.94E-07,1.93E-05,0.012,9/51,766,D26-D36
hsa-miR-1-3p,MicroRNA,lncbase,15,HCG17;KCNQ1OT1;LINC-PINT;LINC01004;LINC01197;NEAT1;OSMR-AS1;PART1;RNF219-AS1;WAC-AS1;ZNF667-AS1;LINC00578;LINC00969;MALAT1;PKI55,0.0829,2.09E-08,4.98E-07,1.99E-05,0.0171,15/181,766,D26-D36
hsa-miR-132-3p,MicroRNA,lncbase,16,BDNF-AS;FTX;GS1-124K5.4;HOTAIRM1;KCNQ1OT1;LINC-PINT;LINC00662;MIR600HG;NEAT1;PART1;SLC16A1-AS1;C1orf132;LINC00599;MALAT1;MIR124-2HG;PKI55,0.0758,2.51E-08,5.84E-07,2.39E-05,0.0177,16/211,766,D26-D36
hsa-miR-9-5p,MicroRNA,lncbase,21,BDNF-AS;GABPB1-AS1;KCNQ1OT1;LINC-PINT;LINC00963;LINC01004;NEAT1;NNT-AS1;NUTM2A-AS1;PART1;SLC25A25-AS1;TRAF3IP2-AS1;AC114765.2;C1orf132;LINC00667;LINC01122;LINC01266;MALAT1;MIR124-2HG;RP11-307P5.1;RP11-436K8.1,0.0569,2.80E-08,6.36E-07,2.67E-05,0.0198,21/369,766,D26-D36
hsa-miR-16-5p,MicroRNA,lncbase,21,FLJ37035;HCG17;KCNQ1OT1;LINC00205;LINC00662;LINC00839;LINC01004;LINC01355;LY86-AS1;NEAT1;PART1;PSMG3-AS1;RNF219-AS1;WAC-AS1;C1orf132;CASC15;GS1-124K5.11;LINC00969;MALAT1;PKI55;RP11-159D12.2,0.0566,3.07E-08,6.81E-07,2.93E-05,0.0198,21/371,766,D26-D36
hsa-miR-873-3p,MicroRNA,lncbase,10,BACE1-AS;GABPB1-AS1;MATN1-AS1;NEAT1;SLC25A25-AS1;SNHG8;TSC22D1-AS1;C1orf132;MALAT1;LINC00950,0.137,4.16E-08,9.02E-07,3.97E-05,0.0129,10/73,766,D26-D36
hsa-miR-548ar-3p,MicroRNA,lncbase,8,HAGLR;LINC01004;LUCAT1;NEAT1;RBFADN;C1orf132;LINC01515;MALAT1,0.2,4.45E-08,9.43E-07,4.25E-05,0.0108,8/40,766,D26-D36
hsa-miR-138-5p,MicroRNA,lncbase,12,BOLA3-AS1;KCNQ1OT1;MCF2L-AS1;NEAT1;PART1;TRAF3IP2-AS1;VSTM2A-OT1;ZMIZ1-AS1;C1orf132;JPX;MALAT1;LINC00950,0.102,5.66E-08,1.17E-06,5.40E-05,0.0147,12/118,766,D26-D36
hsa-miR-4690-5p,MicroRNA,lncbase,12,GABPB1-AS1;KCNQ1OT1;NEAT1;PSMG3-AS1;SNHG10;USP3-AS1;WAC-AS1;WEE2-AS1;C1orf132;GS1-124K5.11;LINC01515;RP11-159D12.2,0.101,6.22E-08,1.26E-06,5.93E-05,0.0147,12/119,766,D26-D36
hsa-miR-365b-3p,MicroRNA,lncbase,11,DNAJC3-AS1;GABPB1-AS1;HCG17;NEAT1;NNT-AS1;CASC15;JPX;KANTR;LINC00667;MALAT1;LINC00950,0.112,7.26E-08,1.44E-06,6.93E-05,0.0138,11/98,766,D26-D36
hsa-miR-22-3p,MicroRNA,lncbase,16,FTX;KCNQ1OT1;LINC00963;LOC100129917;MIR503HG;MIR7-3HG;NEAT1;NNT-AS1;C1orf132;LINC00969;MALAT1;MIAT;RP11-159D12.2;RP11-242D8.1;RP11-480A16.1;LINC00950,0.069,9.37E-08,1.82E-06,8.94E-05,0.0173,16/232,766,D26-D36
hsa-miR-93-3p,MicroRNA,lncbase,13,HNF1A-AS1;KCNQ1OT1;LINC00963;LIPE-AS1;LOC100129917;NEAT1;C1orf132;CTD-2587M2.1;FIRRE;LINC00342;MALAT1;PKI55;RP11-147L13.13,0.0861,1.16E-07,2.21E-06,0.000111,0.0153,13/151,766,D26-D36
hsa-miR-338-3p,MicroRNA,lncbase,18,CD27-AS1;GABPB1-AS1;HCG17;KCNQ1OT1;LINC00884;NEAT1;AC004540.5;C1orf132;CTC-459F4.3;GMDS-AS1;KANTR;LINC00667;LINC00882;LINC00969;MALAT1;MIATNB;PKI55;RP11-147L13.13,0.0596,1.37E-07,2.56E-06,0.000131,0.0181,18/302,766,D26-D36
hsa-miR-34a-5p,MicroRNA,lncbase,17,KCNQ1OT1;LINC00355;LINC00662;LINC00923;LY86-AS1;NEAT1;PART1;SNAI3-AS1;SNHG10;AC004540.5;AC004951.6;C1orf132;CASC15;LINC00599;LINC00667;LINC00969;MALAT1,0.0627,1.47E-07,2.68E-06,0.00014,0.0176,17/271,766,D26-D36
hsa-miR-188-3p,MicroRNA,lncbase,11,KCNQ1OT1;LAMTOR5-AS1;LINC01133;MIR600HG;MIR7-3HG;NEAT1;NNT-AS1;WAC-AS1;LINC01505;MALAT1;RP11-159D12.2,0.105,1.49E-07,2.68E-06,0.000142,0.0137,11/105,766,D26-D36
hsa-let-7d-5p,MicroRNA,lncbase,15,BACE1-AS;FTX;KCNQ1OT1;LINC00355;LINC00963;LINC01277;MIR600HG;NEAT1;NUTM2A-AS1;VSTM2A-OT1;LINC00441;MALAT1;MIR124-2HG;MIR99AHG;RP3-329A5.8,0.0698,2.02E-07,3.57E-06,0.000193,0.0165,15/215,766,D26-D36
hsa-miR-139-5p,MicroRNA,lncbase,14,CD27-AS1;FAM13A-AS1;FTX;GABPB1-AS1;KCNQ1OT1;LINC-PINT;LY86-AS1;NEAT1;PAXIP1-AS1;WAC-AS1;AL035610.2;LINC00969;MALAT1;MIAT,0.0749,2.17E-07,3.75E-06,0.000207,0.0159,14/187,766,D26-D36
hsa-miR-497-5p,MicroRNA,lncbase,19,FLJ37035;GABPB1-AS1;HCG17;KCNQ1OT1;LINC00662;LINC01004;MIR600HG;MIR7-3HG;NEAT1;PSMG3-AS1;RNF219-AS1;WAC-AS1;C1orf132;CASC15;GS1-124K5.11;KANTR;LINC00969;MALAT1;RP11-159D12.2,0.0549,2.20E-07,3.75E-06,0.00021,0.0183,19/346,766,D26-D36
hsa-miR-7-5p,MicroRNA,lncbase,16,C9orf147;FTX;KCNQ1OT1;LINC-PINT;NEAT1;PART1;PSMG3-AS1;VSTM2A-OT1;C1orf132;GMDS-AS1;JPX;KANTR;LINC00667;MALAT1;MIAT;RP11-37B2.1,0.064,2.59E-07,4.33E-06,0.000247,0.0169,16/250,766,D26-D36
hsa-miR-4766-3p,MicroRNA,lncbase,6,KCNQ1OT1;NEAT1;SNHG8;C1orf132;MALAT1;RP4-555D20.2,0.273,3.10E-07,5.10E-06,0.000296,0.00826,06/22/22,766,D26-D36
hsa-miR-432-5p,MicroRNA,lncbase,14,KCNQ1OT1;LINC-PINT;LINC00662;LINC00909;LINC01197;NEAT1;PART1;STXBP5-AS1;TRAF3IP2-AS1;AC114765.2;LINC00667;LINC00856;LINC01184;MALAT1,0.0722,3.40E-07,5.50E-06,0.000324,0.0157,14/194,766,D26-D36
hsa-miR-30c-2-3p,MicroRNA,lncbase,12,KCNQ1OT1;LINC00963;NEAT1;SLC25A25-AS1;TSC22D1-AS1;WAC-AS1;AC093375.1;C1orf132;GS1-124K5.11;MALAT1;MIR99AHG;RP11-159D12.2,0.0857,3.72E-07,5.91E-06,0.000355,0.0143,12/140,766,D26-D36
hsa-miR-618,MicroRNA,lncbase,8,KCNQ1OT1;LINC00923;LINC00963;LINC01004;NEAT1;RBFADN;C1orf132;MALAT1,0.151,4.41E-07,6.69E-06,0.000421,0.0106,8/53,766,D26-D36
hsa-miR-1271-3p,MicroRNA,lncbase,8,KCNQ1OT1;LINC00365;LINC00963;NEAT1;POLR2J4;SLC16A1-AS1;C1orf132;MALAT1,0.151,4.41E-07,6.69E-06,0.000421,0.0106,8/53,766,D26-D36
hsa-miR-31-5p,MicroRNA,lncbase,9,KCNQ1OT1;LOC100129917;MIR503HG;MIR7-3HG;NEAT1;NUTM2A-AS1;RARA-AS1;C1orf132;MALAT1,0.125,4.43E-07,6.69E-06,0.000423,0.0116,9/72,766,D26-D36
hsa-miR-378a-5p,MicroRNA,lncbase,11,FAM13A-AS1;KCNQ1OT1;LINC00511;LINC00963;LOC100129917;LRRC3-AS1;MIR600HG;NEAT1;NNT-AS1;WAC-AS1;MALAT1,0.094,4.49E-07,6.69E-06,0.000428,0.0135,11/117,766,D26-D36
hsa-miR-378a-3p,MicroRNA,lncbase,11,CBR3-AS1;KCNQ1OT1;LINC00662;LINC00963;LINC01004;NEAT1;RAB11B-AS1;TBX2-AS1;C1orf132;MALAT1;RP11-480A16.1,0.0932,4.89E-07,7.18E-06,0.000467,0.0135,11/118,766,D26-D36
hsa-miR-550a-3-5p,MicroRNA,lncbase,8,KCNQ1OT1;LINC00963;NEAT1;SLC16A1-AS1;C1orf132;MALAT1;MIR99AHG;RP11-631N16.2,0.148,5.12E-07,7.40E-06,0.000488,0.0106,8/54,766,D26-D36
hsa-miR-365a-3p,MicroRNA,lncbase,11,DNAJC3-AS1;GABPB1-AS1;HCG17;NEAT1;NNT-AS1;CASC15;JPX;KANTR;LINC00667;MALAT1;LINC00950,0.0924,5.33E-07,7.59E-06,0.000508,0.0134,11/119,766,D26-D36
hsa-miR-139-3p,MicroRNA,lncbase,7,BACE1-AS;MATN1-AS1;NEAT1;NNT-AS1;C1orf132;MALAT1;LINC00950,0.179,6.89E-07,9.67E-06,0.000657,0.00943,7/39,766,D26-D36
hsa-miR-30c-1-3p,MicroRNA,lncbase,12,KCNQ1OT1;LINC00963;NEAT1;SLC25A25-AS1;TSC22D1-AS1;WAC-AS1;AC093375.1;C1orf132;GS1-124K5.11;MALAT1;MIR99AHG;RP11-159D12.2,0.0789,9.00E-07,1.24E-05,0.000859,0.0141,12/152,766,D26-D36
hsa-miR-548o-3p,MicroRNA,lncbase,9,GABPB1-AS1;LINC01004;NEAT1;NNT-AS1;NUTM2A-AS1;SLC25A25-AS1;LINC01184;LINC01515;MALAT1,0.114,9.87E-07,1.35E-05,0.000942,0.0115,9/79,766,D26-D36
hsa-miR-135a-5p,MicroRNA,lncbase,13,AQP4-AS1;GAS6-AS2;LINC-PINT;LINC00844;LINC00909;NEAT1;PART1;TSC22D1-AS1;VSTM2A-OT1;LINC00667;MIR124-2HG;PWRN1;AC159540.1,0.0699,1.27E-06,1.71E-05,0.00121,0.0147,13/186,766,D26-D36
hsa-miR-193b-5p,MicroRNA,lncbase,7,LINC00963;LINC01355;NEAT1;SNHG8;TSC22D1-AS1;MALAT1;PKI55,0.163,1.38E-06,1.83E-05,0.00132,0.00938,7/43,766,D26-D36
hsa-miR-106b-5p,MicroRNA,lncbase,11,GABPB1-AS1;HAGLR;LINC00909;MIR600HG;NEAT1;LINC00265;LINC00667;MALAT1;MIR99AHG;RP11-159D12.2;RP11-631N16.2,0.0833,1.50E-06,1.96E-05,0.00143,0.0132,11/132,766,D26-D36
hsa-miR-20a-5p,MicroRNA,lncbase,11,GABPB1-AS1;HAGLR;LINC00909;MIR600HG;NEAT1;LINC00265;LINC00667;MALAT1;MIR99AHG;RP11-159D12.2;RP11-631N16.2,0.0827,1.62E-06,2.09E-05,0.00155,0.0132,11/133,766,D26-D36
hsa-miR-4326,MicroRNA,lncbase,8,ATXN8OS;KCNQ1OT1;LINC01260;LOC100129917;NEAT1;JPX;LINC00969;MALAT1,0.127,1.72E-06,2.19E-05,0.00164,0.0105,8/63,766,D26-D36
hsa-miR-518f-5p,MicroRNA,lncbase,6,FAM13A-AS1;GABPB1-AS1;KCNQ1OT1;NEAT1;MALAT1;RP11-159D12.2,0.207,1.82E-06,2.28E-05,0.00174,0.00819,06/29/22,766,D26-D36
hsa-miR-185-3p,MicroRNA,lncbase,10,AGAP2-AS1;FTX;KCNQ1OT1;LINC00963;NEAT1;USP3-AS1;AC142119.1;LINC00152;LINC00969;MALAT1,0.0917,1.87E-06,2.30E-05,0.00178,0.0124,10/109,766,D26-D36
hsa-miR-9-3p,MicroRNA,lncbase,12,FTX;GABPB1-AS1;LINC00205;LINC00662;NEAT1;NNT-AS1;NUTM2A-AS1;SLC16A1-AS1;TSC22D1-AS1;MALAT1;MIAT;RP11-159D12.2,0.0736,1.88E-06,2.30E-05,0.00179,0.0139,12/163,766,D26-D36
hsa-miR-2114-5p,MicroRNA,lncbase,8,KCNQ1OT1;NEAT1;POLR2J4;SLC16A1-AS1;C1orf132;MALAT1;PKI55;RP11-147L13.13,0.125,1.94E-06,2.34E-05,0.00185,0.0104,8/64,766,D26-D36
hsa-miR-4726-3p,MicroRNA,lncbase,12,HTT-AS;KCNQ1OT1;LINC01004;MIR7-3HG;NEAT1;PSMG3-AS1;WAC-AS1;C1orf132;FIRRE;LINC00877;MALAT1;RP11-159D12.2,0.0732,2.01E-06,2.39E-05,0.00192,0.0139,12/164,766,D26-D36
hsa-miR-3157-5p,MicroRNA,lncbase,9,KCNQ1OT1;NEAT1;AC004951.6;C1orf132;CTC-459F4.3;LINC00969;MALAT1;NUP50-AS1;AP000233.2,0.105,2.03E-06,2.39E-05,0.00194,0.0114,9/86,766,D26-D36
hsa-miR-107,MicroRNA,lncbase,17,FLJ37035;HCG17;JAZF1-AS1;KCNQ1OT1;LINC00662;LINC01004;NEAT1;PART1;RNF219-AS1;WAC-AS1;C1orf132;CASC15;GS1-124K5.11;LINC00667;MALAT1;MIR124-2HG;MIR181A1HG,0.0518,2.07E-06,2.41E-05,0.00197,0.0167,17/328,766,D26-D36
hsa-miR-103a-3p,MicroRNA,lncbase,17,FLJ37035;HCG17;JAZF1-AS1;KCNQ1OT1;LINC00662;LINC01004;NEAT1;PART1;RNF219-AS1;WAC-AS1;C1orf132;CASC15;GS1-124K5.11;LINC00667;MALAT1;MIR124-2HG;MIR181A1HG,0.0517,2.16E-06,2.48E-05,0.00206,0.0166,17/329,766,D26-D36
hsa-miR-362-3p,MicroRNA,lncbase,10,KCNQ1OT1;MIR600HG;NEAT1;WAC-AS1;C1orf132;LINC00969;MALAT1;MIR181A1HG;PKI55;RP11-480A16.1,0.0901,2.21E-06,2.51E-05,0.00211,0.0123,10/111,766,D26-D36
hsa-miR-7-1-3p,MicroRNA,lncbase,9,GABPB1-AS1;NEAT1;C1orf132;LINC00969;LINC01184;MALAT1;RP11-120D5.1;RP11-159D12.2;RP11-242D8.1,0.102,2.47E-06,2.77E-05,0.00236,0.0114,9/88,766,D26-D36
hsa-miR-218-5p,MicroRNA,lncbase,15,KCNQ1OT1;LINC01004;NEAT1;SNHG10;STXBP5-AS1;TRAF3IP2-AS1;WAC-AS1;CASC15;LINC00342;LINC00969;MALAT1;MIR99AHG;PKI55;RP1-93H18.1;RP11-420A23.1,0.0568,2.68E-06,2.97E-05,0.00256,0.0156,15/264,766,D26-D36
hsa-miR-769-3p,MicroRNA,lncbase,10,KCNQ1OT1;LINC00963;MIR7-3HG;NEAT1;WAC-AS1;C1orf132;GS1-124K5.11;MALAT1;MIR99AHG;RP11-159D12.2,0.087,3.05E-06,3.34E-05,0.00291,0.0123,10/115,766,D26-D36
hsa-miR-629-3p,MicroRNA,lncbase,9,ASMTL-AS1;KCNQ1OT1;MATN1-AS1;NEAT1;C1orf132;LINC00969;MALAT1;RP11-159D12.2;LINC00950,0.0989,3.27E-06,3.54E-05,0.00312,0.0114,9/91,766,D26-D36
hsa-miR-125a-3p,MicroRNA,starbase,6,CDKN2B-AS1;HAGLR;NEAT1;LINC00667;MALAT1;RP11-37B2.1,0.188,3.36E-06,0.000161,0.000931,0.00815,6/32,766,D26-D36
hsa-miR-424-5p,MicroRNA,lncbase,14,GABPB1-AS1;HCG17;KCNQ1OT1;LINC00662;LINC01004;MIR7-3HG;NEAT1;PSMG3-AS1;TSC22D1-AS1;WAC-AS1;C1orf132;GS1-124K5.11;MALAT1;RP11-159D12.2,0.0593,3.49E-06,3.74E-05,0.00333,0.015,14/236,766,D26-D36
hsa-miR-103a-3p,MicroRNA,starbase,7,HOTAIRM1;KCNQ1OT1;LINC00662;NEAT1;NUTM2A-AS1;LINC00152;LINC00630,0.14,3.95E-06,0.000161,0.00109,0.0093,7/50,766,D26-D36
hsa-miR-107,MicroRNA,starbase,7,HOTAIRM1;KCNQ1OT1;LINC00662;NEAT1;NUTM2A-AS1;LINC00152;LINC00630,0.14,3.95E-06,0.000161,0.00109,0.0093,7/50,766,D26-D36
hsa-miR-4422,MicroRNA,lncbase,7,KCNQ1OT1;NEAT1;NUTM2A-AS1;SLC16A1-AS1;C1orf132;LINC01515;MALAT1,0.14,3.95E-06,4.19E-05,0.00377,0.0093,7/50,766,D26-D36
hsa-miR-34a-5p,MicroRNA,starbase,6,KCNQ1OT1;LINC00662;NEAT1;NUTM2A-AS1;LINC00667;RP11-120D5.1,0.182,4.07E-06,0.000161,0.00113,0.00814,6/33,766,D26-D36
hsa-miR-449a,MicroRNA,starbase,6,KCNQ1OT1;LINC00662;NEAT1;NUTM2A-AS1;LINC00667;RP11-120D5.1,0.182,4.07E-06,0.000161,0.00113,0.00814,6/33,766,D26-D36
hsa-miR-449b-5p,MicroRNA,starbase,6,KCNQ1OT1;LINC00662;NEAT1;NUTM2A-AS1;LINC00667;RP11-120D5.1,0.182,4.07E-06,0.000161,0.00113,0.00814,6/33,766,D26-D36
hsa-miR-34c-5p,MicroRNA,starbase,6,KCNQ1OT1;LINC00662;NEAT1;NUTM2A-AS1;LINC00667;RP11-120D5.1,0.182,4.07E-06,0.000161,0.00113,0.00814,6/33,766,D26-D36
hsa-miR-148a-5p,MicroRNA,lncbase,9,AGAP2-AS1;KCNQ1OT1;LINC00909;NEAT1;NNT-AS1;TMEM72-AS1;C1orf132;MALAT1;RP11-159D12.2,0.0938,5.11E-06,5.36E-05,0.00487,0.0113,9/96,766,D26-D36
hsa-miR-25-3p,MicroRNA,lncbase,10,CBR3-AS1;GABPB1-AS1;LINC00511;LINC00943;MIR22HG;NEAT1;C1orf132;CTD-2587M2.1;LINC00630;MALAT1,0.082,5.19E-06,5.38E-05,0.00495,0.0122,10/122,766,D26-D36
hsa-miR-541-5p,MicroRNA,lncbase,6,DNAJC3-AS1;MIR7-3HG;NEAT1;C1orf132;LINC00667;MIR99AHG,0.171,5.83E-06,5.98E-05,0.00556,0.00812,6/35,766,D26-D36
hsa-miR-145-5p,MicroRNA,lncbase,13,GABPB1-AS1;KCNQ1OT1;LINC00607;NEAT1;NUTM2A-AS1;SNHG8;WAC-AS1;C1orf132;KANTR;LINC00882;LINC00969;MALAT1;MIR99AHG,0.0605,6.29E-06,6.38E-05,0.006,0.0143,13/215,766,D26-D36
hsa-miR-342-3p,MicroRNA,lncbase,10,KCNQ1OT1;LOC100129917;MIR600HG;NEAT1;NNT-AS1;C1orf132;CTC-459F4.3;LINC00969;MALAT1;RP11-159D12.2,0.08,6.45E-06,6.47E-05,0.00615,0.0121,10/125,766,D26-D36
hsa-miR-491-5p,MicroRNA,lncbase,8,KCNQ1OT1;NEAT1;C1orf132;LINC00441;LINC00667;MALAT1;PKI55;RP4-555D20.2,0.107,6.52E-06,6.47E-05,0.00622,0.0103,8/75,766,D26-D36
hsa-miR-125b-2-3p,MicroRNA,lncbase,9,KCNQ1OT1;LINC00662;NEAT1;LINC00630;LINC00969;LINC01021;MALAT1;RP11-159D12.2;RP11-480A16.1,0.0909,6.58E-06,6.47E-05,0.00628,0.0112,9/99,766,D26-D36
hsa-miR-382-5p,MicroRNA,lncbase,11,LINC-PINT;LINC00632;LOC100129917;NEAT1;STX18-AS1;LINC00472;MALAT1;MIR124-2HG;NUP50-AS1;RP11-631N16.2;LINC00950,0.0714,6.72E-06,6.54E-05,0.00641,0.0129,11/154,766,D26-D36
hsa-miR-455-5p,MicroRNA,lncbase,6,KCNQ1OT1;NEAT1;NNT-AS1;C1orf132;LINC00667;MALAT1,0.167,6.92E-06,6.63E-05,0.0066,0.00811,6/36,766,D26-D36
hsa-miR-17-5p,MicroRNA,lncbase,13,FTX;GABPB1-AS1;HAGLR;LINC00963;MIR600HG;NEAT1;PART1;C1orf132;CTC-459F4.3;MALAT1;MIAT;RP11-159D12.2;RP11-631N16.2,0.0599,6.95E-06,6.63E-05,0.00663,0.0142,13/217,766,D26-D36
hsa-miR-2110,MicroRNA,lncbase,8,KCNQ1OT1;MIR600HG;NEAT1;TBX2-AS1;C1orf132;MALAT1;MIR181A1HG;RP3-329A5.8,0.105,7.21E-06,6.81E-05,0.00688,0.0103,8/76,766,D26-D36
hsa-miR-19a-3p,MicroRNA,lncbase,12,FTX;HAGLR;KCNQ1OT1;LINC01004;NEAT1;PART1;SNHG8;TBX2-AS1;C1orf132;LINC00667;MIAT;PKI55,0.0645,7.37E-06,6.89E-05,0.00703,0.0136,12/186,766,D26-D36
hsa-miR-501-3p,MicroRNA,lncbase,8,HCG17;LINC00963;NEAT1;NNT-AS1;C1orf132;JPX;LINC00969;MALAT1,0.104,7.95E-06,7.36E-05,0.00758,0.0103,8/77,766,D26-D36
hsa-miR-204-5p,MicroRNA,starbase,5,KCNQ1OT1;NEAT1;LINC00472;MALAT1;RP11-159D12.2,0.227,8.34E-06,0.000232,0.00231,0.00688,05/22/22,766,D26-D36
hsa-miR-211-5p,MicroRNA,starbase,5,KCNQ1OT1;NEAT1;LINC00472;MALAT1;RP11-159D12.2,0.227,8.34E-06,0.000232,0.00231,0.00688,05/22/22,766,D26-D36
hsa-miR-3677-5p,MicroRNA,lncbase,7,GABPB1-AS1;KCNQ1OT1;LINC00365;LOC100129917;MIR600HG;NEAT1;MALAT1,0.125,8.57E-06,7.86E-05,0.00818,0.00922,7/56,766,D26-D36
hsa-miR-320a,MicroRNA,lncbase,13,BOLA3-AS1;FTX;MIR7-3HG;NEAT1;NNT-AS1;C1orf132;LINC01515;MALAT1;MIAT;MIR124-2HG;PKI55;RP11-159D12.2;LINC00950,0.0586,8.88E-06,8.07E-05,0.00847,0.0141,13/222,766,D26-D36
hsa-miR-101-3p,MicroRNA,lncbase,13,KCNQ1OT1;LINC00662;LINC00943;LINC01355;NEAT1;NNT-AS1;C17orf100;C1orf132;MALAT1;PKI55;RP11-159D12.2;RP11-37B2.1;RP4-555D20.2,0.0578,1.03E-05,9.27E-05,0.00983,0.0141,13/225,766,D26-D36
hsa-miR-96-5p,MicroRNA,lncbase,10,FAM13A-AS1;KCNQ1OT1;LINC01004;NEAT1;TRAF3IP2-AS1;C1orf132;GS1-124K5.11;MALAT1;RP11-210M15.2;RP11-535M15.1,0.0758,1.05E-05,9.36E-05,0.01,0.012,10/132,766,D26-D36
hsa-miR-130a-3p,MicroRNA,lncbase,9,HOTAIRM1;LINC00963;LINC01004;NEAT1;NUTM2A-AS1;LINC00467;LINC00969;LINC01515;MALAT1,0.0857,1.07E-05,9.45E-05,0.0102,0.0112,9/105,766,D26-D36
hsa-miR-3605-5p,MicroRNA,lncbase,7,KCNQ1OT1;MIR7-3HG;NEAT1;C1orf132;MALAT1;NUP50-AS1;RP11-480A16.1,0.119,1.22E-05,0.000106,0.0116,0.00919,7/59,766,D26-D36
hsa-miR-548a-3p,MicroRNA,lncbase,7,HAGLR;LINC01004;LINC01355;NEAT1;RBFADN;LINC01184;MALAT1,0.119,1.22E-05,0.000106,0.0116,0.00919,7/59,766,D26-D36
hsa-miR-2355-5p,MicroRNA,lncbase,9,EXTL3-AS1;KCNQ1OT1;NEAT1;TRIM52-AS1;AC093375.1;C1orf132;MALAT1;RP11-159D12.2;RP11-147L13.13,0.0841,1.24E-05,0.000106,0.0118,0.0111,9/107,766,D26-D36
hsa-miR-3619-5p,MicroRNA,lncbase,12,GABPB1-AS1;HCG17;KCNQ1OT1;LINC00355;LINC00963;MIR7-3HG;NEAT1;WEE2-AS1;C1orf132;LINC00969;MALAT1;MIATNB,0.0612,1.25E-05,0.000106,0.0119,0.0134,12/196,766,D26-D36
hsa-miR-1976,MicroRNA,lncbase,8,ATXN8OS;KCNQ1OT1;LOC100129917;MIR600HG;NEAT1;TBX2-AS1;FIRRE;MALAT1,0.0976,1.27E-05,0.000107,0.0121,0.0102,8/82,766,D26-D36
hsa-miR-424-3p,MicroRNA,lncbase,7,GABPB1-AS1;LINC01004;NEAT1;RBFADN;SLC25A25-AS1;LINC01184;MALAT1,0.117,1.36E-05,0.000113,0.013,0.00917,7/60,766,D26-D36
hsa-miR-2277-3p,MicroRNA,lncbase,7,KCNQ1OT1;NEAT1;SNHG8;TRAF3IP2-AS1;LINC00467;MALAT1;RP11-159D12.2,0.117,1.36E-05,0.000113,0.013,0.00917,7/60,766,D26-D36
hsa-miR-17-3p,MicroRNA,lncbase,12,MIR600HG;MIR7-3HG;NEAT1;TBX2-AS1;WAC-AS1;C1orf132;GS1-124K5.11;LINC00342;LINC00969;MALAT1;NUP50-AS1;RP11-242D8.1,0.0606,1.38E-05,0.000113,0.0132,0.0134,12/198,766,D26-D36
hsa-miR-19b-3p,MicroRNA,lncbase,12,FTX;HAGLR;KCNQ1OT1;LINC01004;NEAT1;PART1;PSMG3-AS1;SNHG8;C1orf132;LINC00667;MIAT;PKI55,0.0603,1.46E-05,0.000119,0.0139,0.0134,12/199,766,D26-D36
hsa-miR-130a-3p,MicroRNA,starbase,6,BOLA3-AS1;HAGLR;KCNQ1OT1;LINC00839;NUTM2A-AS1;LINC00667,0.146,1.51E-05,0.000232,0.00418,0.00805,6/41,766,D26-D36
hsa-miR-130b-3p,MicroRNA,starbase,6,BOLA3-AS1;HAGLR;KCNQ1OT1;LINC00839;NUTM2A-AS1;LINC00667,0.146,1.51E-05,0.000232,0.00418,0.00805,6/41,766,D26-D36
hsa-miR-4295,MicroRNA,starbase,6,BOLA3-AS1;HAGLR;KCNQ1OT1;LINC00839;NUTM2A-AS1;LINC00667,0.146,1.51E-05,0.000232,0.00418,0.00805,6/41,766,D26-D36
hsa-miR-136-3p,MicroRNA,lncbase,11,KCNQ1OT1;LINC-PINT;LINC01004;LINC01197;NEAT1;RNF219-AS1;STXBP5-AS1;TRAF3IP2-AS1;C1orf132;LINC00856;MALAT1,0.0651,1.62E-05,0.000131,0.0155,0.0127,11/169,766,D26-D36
hsa-miR-425-5p,MicroRNA,starbase,5,KCNQ1OT1;LINC00662;NEAT1;TRAF3IP2-AS1;MALAT1,0.2,1.63E-05,0.000232,0.00452,0.00685,05/25/22,766,D26-D36
hsa-miR-671-5p,MicroRNA,lncbase,9,KCNQ1OT1;LINC00963;NEAT1;SNHG8;USP3-AS1;C1orf132;LINC01184;MALAT1;RP11-159D12.2,0.0811,1.67E-05,0.000133,0.0159,0.0111,9/111,766,D26-D36
hsa-miR-18a-3p,MicroRNA,lncbase,9,HTT-AS;KCNQ1OT1;LINC00963;LOC100129917;NEAT1;SNHG8;TRAF3IP2-AS1;MALAT1;MIATNB,0.0811,1.67E-05,0.000133,0.0159,0.0111,9/111,766,D26-D36
hsa-miR-181a-3p,MicroRNA,lncbase,7,KCNQ1OT1;NEAT1;SLC25A25-AS1;LINC00426;MALAT1;RP11-242D8.1;RP11-420A23.1,0.113,1.70E-05,0.000134,0.0162,0.00915,7/62,766,D26-D36
hsa-miR-3666,MicroRNA,starbase,6,BOLA3-AS1;HAGLR;KCNQ1OT1;LINC00839;NUTM2A-AS1;LINC00667,0.143,1.74E-05,0.000232,0.00482,0.00804,6/42,766,D26-D36
hsa-miR-301b,MicroRNA,starbase,6,BOLA3-AS1;HAGLR;KCNQ1OT1;LINC00839;NUTM2A-AS1;LINC00667,0.143,1.74E-05,0.000232,0.00482,0.00804,6/42,766,D26-D36
hsa-miR-454-3p,MicroRNA,starbase,6,BOLA3-AS1;HAGLR;KCNQ1OT1;LINC00839;NUTM2A-AS1;LINC00667,0.143,1.74E-05,0.000232,0.00482,0.00804,6/42,766,D26-D36
hsa-miR-301a-3p,MicroRNA,starbase,6,BOLA3-AS1;HAGLR;KCNQ1OT1;LINC00839;NUTM2A-AS1;LINC00667,0.143,1.74E-05,0.000232,0.00482,0.00804,6/42,766,D26-D36
hsa-miR-26b-5p,MicroRNA,lncbase,10,DNAJC3-AS1;GABPB1-AS1;LINC00205;LINC00662;LINC01004;NEAT1;AC093642.3;C1orf132;MALAT1;RP11-631N16.2,0.0714,1.75E-05,0.000137,0.0167,0.0119,10/140,766,D26-D36
hsa-miR-195-5p,MicroRNA,starbase,9,HCG17;KIF9-AS1;LINC00511;LINC00662;NUTM2A-AS1;RASAL2-AS1;TRAF3IP2-AS1;AC005537.2;GS1-124K5.11,0.0804,1.80E-05,0.000232,0.00499,0.0111,9/112,766,D26-D36
hsa-miR-378c,MicroRNA,lncbase,8,LINC00662;LINC00963;LINC01004;NEAT1;RAB11B-AS1;C1orf132;MALAT1;RP11-480A16.1,0.093,1.81E-05,0.00014,0.0173,0.0102,8/86,766,D26-D36
hsa-miR-532-5p,MicroRNA,lncbase,7,KCNQ1OT1;NEAT1;SLC25A25-AS1;CTC-459F4.3;CYP4A22-AS1;MALAT1;LINC00950,0.111,1.89E-05,0.000145,0.018,0.00914,7/63,766,D26-D36
hsa-miR-30e-3p,MicroRNA,lncbase,11,GABPB1-AS1;HOTAIRM1;KCNQ1OT1;MIR600HG;NEAT1;TSC22D1-AS1;AC004951.6;LINC00667;MALAT1;RP11-159D12.2;RP11-3P22.2,0.064,1.91E-05,0.000146,0.0182,0.0126,11/172,766,D26-D36
hsa-miR-15a-5p,MicroRNA,starbase,9,HCG17;KIF9-AS1;LINC00511;LINC00662;NUTM2A-AS1;RASAL2-AS1;TRAF3IP2-AS1;AC005537.2;GS1-124K5.11,0.0796,1.93E-05,0.000232,0.00535,0.0111,9/113,766,D26-D36
hsa-miR-16-5p,MicroRNA,starbase,9,HCG17;KIF9-AS1;LINC00511;LINC00662;NUTM2A-AS1;RASAL2-AS1;TRAF3IP2-AS1;AC005537.2;GS1-124K5.11,0.0796,1.93E-05,0.000232,0.00535,0.0111,9/113,766,D26-D36
hsa-miR-424-5p,MicroRNA,starbase,9,HCG17;KIF9-AS1;LINC00511;LINC00662;NUTM2A-AS1;RASAL2-AS1;TRAF3IP2-AS1;AC005537.2;GS1-124K5.11,0.0796,1.93E-05,0.000232,0.00535,0.0111,9/113,766,D26-D36
hsa-miR-15b-5p,MicroRNA,starbase,9,HCG17;KIF9-AS1;LINC00511;LINC00662;NUTM2A-AS1;RASAL2-AS1;TRAF3IP2-AS1;AC005537.2;GS1-124K5.11,0.0796,1.93E-05,0.000232,0.00535,0.0111,9/113,766,D26-D36
hsa-miR-497-5p,MicroRNA,starbase,9,HCG17;KIF9-AS1;LINC00511;LINC00662;NUTM2A-AS1;RASAL2-AS1;TRAF3IP2-AS1;AC005537.2;GS1-124K5.11,0.0796,1.93E-05,0.000232,0.00535,0.0111,9/113,766,D26-D36
hsa-miR-129-2-3p,MicroRNA,lncbase,9,KCNQ1OT1;MIR7-3HG;NEAT1;C1orf132;CTC-459F4.3;CTD-2587M2.1;KANTR;MALAT1;NUP50-AS1,0.0796,1.93E-05,0.000146,0.0184,0.0111,9/113,766,D26-D36
hsa-miR-20b-5p,MicroRNA,lncbase,12,FTX;GABPB1-AS1;HAGLR;LINC00963;MIR600HG;NEAT1;PART1;C1orf132;MALAT1;MIAT;RP11-159D12.2;RP11-631N16.2,0.0585,1.96E-05,0.000147,0.0187,0.0133,12/205,766,D26-D36
hsa-miR-24-1-5p,MicroRNA,lncbase,6,KCNQ1OT1;NEAT1;SLC16A1-AS1;C1orf132;MALAT1;RP11-631N16.2,0.14,2.00E-05,0.000149,0.0191,0.00803,6/43,766,D26-D36
hsa-miR-548x-3p,MicroRNA,lncbase,3,NEAT1;NNT-AS1;MALAT1,0.6,2.20E-05,0.000163,0.021,0.00421,03/05/22,766,D26-D36
hsa-miR-130b-5p,MicroRNA,lncbase,10,GABPB1-AS1;KCNQ1OT1;LINC01004;MATN1-AS1;NEAT1;NNT-AS1;STX18-AS1;STXBP5-AS1;MALAT1;RP11-159D12.2,0.0694,2.24E-05,0.000164,0.0214,0.0118,10/144,766,D26-D36
hsa-miR-148a-3p,MicroRNA,lncbase,10,KCNQ1OT1;LINC00943;LINC00963;LINC01004;NEAT1;NUTM2A-AS1;TSC22D1-AS1;LINC00467;LINC00969;MALAT1,0.069,2.37E-05,0.000171,0.0226,0.0118,10/145,766,D26-D36
hsa-miR-320b,MicroRNA,lncbase,9,FTX;MIR7-3HG;NEAT1;NNT-AS1;C1orf132;LINC00969;LINC01515;MALAT1;RP11-159D12.2,0.0776,2.38E-05,0.000171,0.0227,0.011,9/116,766,D26-D36
hsa-miR-320d,MicroRNA,lncbase,9,FTX;MIR7-3HG;NEAT1;NNT-AS1;C1orf132;LINC00969;LINC01515;MALAT1;RP11-159D12.2,0.0776,2.38E-05,0.000171,0.0227,0.011,9/116,766,D26-D36
hsa-miR-522-5p,MicroRNA,lncbase,5,FAM13A-AS1;GABPB1-AS1;KCNQ1OT1;NEAT1;RP11-159D12.2,0.185,2.42E-05,0.000172,0.0231,0.00683,05/27/22,766,D26-D36
hsa-miR-18b-5p,MicroRNA,lncbase,7,HAGLR;LINC00336;LINC01004;NEAT1;LINC00969;MALAT1;RP11-159D12.2,0.106,2.57E-05,0.000182,0.0245,0.0091,7/66,766,D26-D36
hsa-miR-214-5p,MicroRNA,lncbase,6,GAS6-AS2;KCNQ1OT1;LINC00963;NEAT1;C1orf132;MALAT1,0.133,2.62E-05,0.000182,0.025,0.00801,6/45,766,D26-D36
hsa-miR-28-5p,MicroRNA,lncbase,11,LINC01004;LINC01197;NEAT1;STXBP5-AS1;C1orf132;JPX;MALAT1;RP11-159D12.2;RP11-242D8.1;RP11-480A16.1;RP11-147L13.13,0.0618,2.62E-05,0.000182,0.025,0.0125,11/178,766,D26-D36
hsa-miR-301a-3p,MicroRNA,lncbase,9,HOTAIRM1;LINC01004;NEAT1;NUTM2A-AS1;SNHG8;LINC00467;LINC00969;LINC01515;MALAT1,0.0763,2.73E-05,0.000188,0.026,0.011,9/118,766,D26-D36
hsa-miR-34c-5p,MicroRNA,lncbase,8,KCNQ1OT1;LINC00355;NEAT1;SLC16A1-AS1;SNHG10;C1orf132;MALAT1;RP11-420A23.1,0.0879,2.74E-05,0.000188,0.0261,0.0101,8/91,766,D26-D36
hsa-miR-502-3p,MicroRNA,lncbase,7,HCG17;LINC00963;NEAT1;C1orf132;JPX;LINC00969;MALAT1,0.104,2.84E-05,0.000192,0.0271,0.00909,7/67,766,D26-D36
hsa-miR-151a-5p,MicroRNA,lncbase,7,KCNQ1OT1;LINC00632;NEAT1;SNHG10;LINC00320;LINC00969;MALAT1,0.104,2.84E-05,0.000192,0.0271,0.00909,7/67,766,D26-D36
hsa-miR-1915-5p,MicroRNA,lncbase,5,KCNQ1OT1;NEAT1;PAXIP1-AS1;GS1-124K5.11;MALAT1,0.179,2.92E-05,0.000196,0.0279,0.00682,05/28/22,766,D26-D36
hsa-miR-24-2-5p,MicroRNA,lncbase,6,KCNQ1OT1;NEAT1;SLC16A1-AS1;C1orf132;MALAT1;RP11-631N16.2,0.13,2.98E-05,0.000199,0.0284,0.008,6/46,766,D26-D36
hsa-miR-532-3p,MicroRNA,lncbase,9,KCNQ1OT1;LAMTOR5-AS1;MIR600HG;NEAT1;CTC-459F4.3;LINC01505;MALAT1;RP11-159D12.2;RP11-452F19.3,0.075,3.12E-05,0.000205,0.0298,0.011,9/120,766,D26-D36
hsa-miR-93-5p,MicroRNA,lncbase,12,FTX;GABPB1-AS1;HAGLR;LINC00963;MIR600HG;NEAT1;PART1;C1orf132;MALAT1;MIAT;RP11-159D12.2;RP11-631N16.2,0.0558,3.13E-05,0.000205,0.0299,0.0131,12/215,766,D26-D36
hsa-miR-452-3p,MicroRNA,lncbase,7,KCNQ1OT1;LINC01260;NEAT1;SLC16A1-AS1;LINC00359;MALAT1;RP11-159D12.2,0.103,3.13E-05,0.000205,0.0299,0.00908,7/68,766,D26-D36
hsa-miR-30d-3p,MicroRNA,lncbase,10,GABPB1-AS1;HOTAIRM1;KCNQ1OT1;MIR600HG;NEAT1;TSC22D1-AS1;AC004951.6;MALAT1;RP11-159D12.2;RP11-3P22.2,0.0667,3.18E-05,0.000205,0.0303,0.0118,10/150,766,D26-D36
hsa-miR-660-3p,MicroRNA,lncbase,8,ATXN8OS;KCNQ1OT1;LOC100129917;MIR600HG;NEAT1;SLC25A25-AS1;MALAT1;LINC00950,0.086,3.20E-05,0.000205,0.0305,0.0101,8/93,766,D26-D36
hsa-miR-1305,MicroRNA,lncbase,8,HOTAIRM1;KCNQ1OT1;NEAT1;C1orf132;MALAT1;RP11-159D12.2;RP11-436D23.1;RP11-631N16.2,0.086,3.20E-05,0.000205,0.0305,0.0101,8/93,766,D26-D36
hsa-miR-624-3p,MicroRNA,lncbase,6,KCNQ1OT1;NEAT1;SNHG8;MALAT1;RP11-159D12.2;RP11-480A16.1,0.128,3.37E-05,0.000214,0.0321,0.00799,6/47,766,D26-D36
hsa-miR-378i,MicroRNA,lncbase,7,LINC00662;LINC00963;LINC01004;NEAT1;RAB11B-AS1;C1orf132;MALAT1,0.101,3.44E-05,0.000217,0.0328,0.00907,7/69,766,D26-D36
hsa-miR-149-3p,MicroRNA,lncbase,4,FLJ16779;NEAT1;SNHG8;MALAT1,0.267,3.56E-05,0.000223,0.034,0.00555,04/15/22,766,D26-D36
hsa-miR-29c-3p,MicroRNA,lncbase,12,BOLA3-AS1;KCNQ1OT1;LINC00511;LINC00632;LY86-AS1;NEAT1;SNAI3-AS1;ZNF790-AS1;KANTR;LINC01184;MALAT1;MIAT,0.0548,3.74E-05,0.000232,0.0357,0.0131,12/219,766,D26-D36
hsa-miR-130b-3p,MicroRNA,lncbase,8,HOTAIRM1;LINC01004;NEAT1;NUTM2A-AS1;LINC00467;LINC00969;LINC01515;MALAT1,0.0842,3.74E-05,0.000232,0.0357,0.01,8/95,766,D26-D36
hsa-miR-3943,MicroRNA,lncbase,6,KCNQ1OT1;LOC100129917;NEAT1;PSMG3-AS1;C1orf132;MALAT1,0.125,3.81E-05,0.000234,0.0363,0.00798,6/48,766,D26-D36
hsa-miR-29b-3p,MicroRNA,lncbase,12,BOLA3-AS1;KCNQ1OT1;LINC00511;LINC00632;LY86-AS1;NEAT1;SNAI3-AS1;ZNF790-AS1;KANTR;LINC01184;MALAT1;MIAT,0.0545,3.91E-05,0.000239,0.0373,0.0131,12/220,766,D26-D36
hsa-miR-29a-3p,MicroRNA,lncbase,12,BOLA3-AS1;KCNQ1OT1;LINC00511;LINC00632;LY86-AS1;NEAT1;SNAI3-AS1;ZNF790-AS1;KANTR;LINC01184;MALAT1;MIAT,0.0543,4.09E-05,0.000249,0.039,0.0131,12/221,766,D26-D36
hsa-miR-143-3p,MicroRNA,starbase,5,CBR3-AS1;LINC00662;PSMG3-AS1;LINC00667;MALAT1,0.167,4.14E-05,0.000459,0.0115,0.0068,05/30/22,766,D26-D36
hsa-miR-4770,MicroRNA,starbase,5,CBR3-AS1;LINC00662;PSMG3-AS1;LINC00667;MALAT1,0.167,4.14E-05,0.000459,0.0115,0.0068,05/30/22,766,D26-D36
hsa-miR-548ax,MicroRNA,lncbase,5,CBR3-AS1;MIR600HG;NEAT1;C1orf132;MALAT1,0.167,4.14E-05,0.000249,0.0395,0.0068,05/30/22,766,D26-D36
hsa-miR-877-5p,MicroRNA,lncbase,7,BDNF-AS;KCNQ1OT1;NEAT1;NUTM2A-AS1;GMDS-AS1;LINC00667;MALAT1,0.0986,4.15E-05,0.000249,0.0396,0.00904,7/71,766,D26-D36
hsa-miR-6516-5p,MicroRNA,lncbase,3,PSMG3-AS1;RNF219-AS1;LINC00667,0.5,4.35E-05,0.000258,0.0415,0.00421,03/06/22,766,D26-D36
hsa-miR-621,MicroRNA,lncbase,3,NEAT1;SNHG8;MALAT1,0.5,4.35E-05,0.000258,0.0415,0.00421,03/06/22,766,D26-D36
hsa-miR-708-5p,MicroRNA,lncbase,11,GABPB1-AS1;LINC01004;LINC01197;NEAT1;STXBP5-AS1;C1orf132;MALAT1;RP11-159D12.2;RP11-242D8.1;RP11-480A16.1;RP11-147L13.13,0.0582,4.54E-05,0.000267,0.0433,0.0124,11/189,766,D26-D36
hsa-miR-182-5p,MicroRNA,lncbase,9,FAM13A-AS1;GABPB1-AS1;KCNQ1OT1;LINC01004;NEAT1;SNHG8;TRAF3IP2-AS1;MALAT1;RP11-535M15.1,0.0714,4.58E-05,0.000268,0.0437,0.0109,9/126,766,D26-D36
hsa-miR-146a-5p,MicroRNA,starbase,4,KCNQ1OT1;NEAT1;MALAT1;RP11-159D12.2,0.25,4.70E-05,0.000501,0.013,0.00554,04/16/22,766,D26-D36
hsa-miR-141-3p,MicroRNA,lncbase,7,KCNQ1OT1;LINC00943;NEAT1;SNHG10;CTC-459F4.3;MALAT1;RP11-480A16.1,0.0959,4.97E-05,0.000289,0.0474,0.00902,7/73,766,D26-D36
hsa-miR-146b-5p,MicroRNA,starbase,4,KCNQ1OT1;NEAT1;MALAT1;RP11-159D12.2,0.235,6.08E-05,0.000624,0.0168,0.00553,04/17/22,766,D26-D36
hsa-miR-101-3p,MicroRNA,starbase,4,GABPB1-AS1;NEAT1;MALAT1;RP11-452F19.3,0.211,9.69E-05,0.000959,0.0268,0.00552,04/19/22,766,D26-D36
hsa-miR-148a-3p,MicroRNA,starbase,5,HOTAIRM1;KCNQ1OT1;KIF9-AS1;NUTM2A-AS1;LINC00667,0.135,0.000117,0.00108,0.0324,0.00674,5/37,766,D26-D36
hsa-miR-152-3p,MicroRNA,starbase,5,HOTAIRM1;KCNQ1OT1;KIF9-AS1;NUTM2A-AS1;LINC00667,0.135,0.000117,0.00108,0.0324,0.00674,5/37,766,D26-D36
hsa-miR-148b-3p,MicroRNA,starbase,5,HOTAIRM1;KCNQ1OT1;KIF9-AS1;NUTM2A-AS1;LINC00667,0.132,0.000134,0.0012,0.0371,0.00673,5/38,766,D26-D36
